Marca temporal,Titulaciones que imparte,Área,Género,Edad (años),Experiencia docente,"Sobre el uso de los sistemas de mensajería en clase, prefiero",¿Qué plataforma de mensajería GRUPAL usas normalmente para comunicarte con tus compañeros y estudiantes?,"¿Qué tipo de bots (programas que respondan automáticamente a preguntas u órdenes)  podrían resultar útiles para mejorar los resultados de aprendizaje de los estudiantes o ayudarte, en general, a gestionar una asignatura?","La virtualización de la enseñanza debida al COVID este año o el anterior, ¿ha significado algún cambio en tu percepción o uso de mensajería en clase?"
8/02/2021 13:30:30,"Grado, Máster",Ingeniería,Hombre,Más de 55,más de 25 años,Un grupo con los estudiantes de mi asignatura,Telegram,"Bots-agenda (que avisen p.e. del tiempo que queda para una entrega), Bots que guarden y recuperen preguntas frecuentes, Bots que comuniquen las notas, Bots que te ayuden con el material de clase (por ejemplo, haciendo búsquedas o preguntando)","No, antes la usaba y ahora la sigo usando."
8/02/2021 13:38:20,"Grado, Máster, Doctorado",Ingeniería,Prefiero no decirlo,35-45,15-25 años,Un grupo con los estudiantes de mi asignatura,"Telegram, PRADO/SWAD/otra plataforma de aprendizaje específica de la universidad, titulación o departamento","Bots-agenda (que avisen p.e. del tiempo que queda para una entrega), Bots que guarden y recuperen preguntas frecuentes","No, antes la usaba y ahora la sigo usando."
8/02/2021 13:46:16,"Grado, Máster, Títulos propios",Ingeniería,Hombre,35-45,5-15 años,Un grupo con los estudiantes de mi asignatura,"Telegram, PRADO/SWAD/otra plataforma de aprendizaje específica de la universidad, titulación o departamento","Bots-agenda (que avisen p.e. del tiempo que queda para una entrega), Bots que guarden y recuperen preguntas frecuentes, Bots que te ayuden con el material de clase (por ejemplo, haciendo búsquedas o preguntando)","Sí, antes no usaba ningún tipo de plataforma de mensajería y ahora sí la uso."
8/02/2021 14:04:00,"Grado, Máster, Doctorado",Ingeniería,Hombre,45-55,más de 25 años,Un grupo con los estudiantes de mi asignatura,"PRADO/SWAD/otra plataforma de aprendizaje específica de la universidad, titulación o departamento","Bots-agenda (que avisen p.e. del tiempo que queda para una entrega), Bots que guarden y recuperen preguntas frecuentes, Bots que comuniquen las notas","No, antes la usaba y ahora la sigo usando."
8/02/2021 14:08:46,Grado,Ingeniería,Hombre,45-55,más de 25 años,Un grupo con los estudiantes de mi asignatura,"PRADO/SWAD/otra plataforma de aprendizaje específica de la universidad, titulación o departamento","Bots que guarden y recuperen preguntas frecuentes, Bots que te ayuden con el material de clase (por ejemplo, haciendo búsquedas o preguntando)","No, antes la usaba y ahora la sigo usando."
8/02/2021 15:09:08,Grado,Ciencias Sociales,Hombre,Más de 55,más de 25 años,Prefiero que los estudiantes se autoorganicen y no estar en ningún grupo de mensajería,"PRADO/SWAD/otra plataforma de aprendizaje específica de la universidad, titulación o departamento","Bots-agenda (que avisen p.e. del tiempo que queda para una entrega), Bots que guarden y recuperen preguntas frecuentes, Bots que comuniquen las notas, Bots que te ayuden con el material de clase (por ejemplo, haciendo búsquedas o preguntando)","No, antes la usaba y ahora la sigo usando."
8/02/2021 15:23:24,Grado,Biosanitaria,Mujer,25-35,0-5 años,Prefiero que los estudiantes se autoorganicen y no estar en ningún grupo de mensajería,"Whatsapp, PRADO/SWAD/otra plataforma de aprendizaje específica de la universidad, titulación o departamento",Bots-agenda (que avisen p.e. del tiempo que queda para una entrega),"Sí, he cambiado de plataforma de mensajería a otras más seguras."
8/02/2021 15:25:23,"Grado, Máster, Doctorado",Ingeniería,Hombre,45-55,15-25 años,Un grupo con los estudiantes de mi asignatura,Telegram,"Que le digan al estudiante el aula o laboratorio, url de la clase","No, antes la usaba y ahora la sigo usando."
8/02/2021 15:43:54,"Grado, Máster, Doctorado",Ingeniería,Hombre,35-45,15-25 años,Un grupo con los estudiantes de mi asignatura,"Me gustaría usar alguna de estas plataformas, pero no están autorizadas por la UGR","Bots-agenda (que avisen p.e. del tiempo que queda para una entrega), Bots que guarden y recuperen preguntas frecuentes, Bots que comuniquen las notas, Bots que te ayuden con el material de clase (por ejemplo, haciendo búsquedas o preguntando)","No, no la usaba antes ni ahora."
8/02/2021 16:36:35,Grado,Ingeniería,Mujer,25-35,0-5 años,"Un grupo con los estudiantes de mi asignatura, Prefiero que los estudiantes se autoorganicen y no estar en ningún grupo de mensajería","PRADO/SWAD/otra plataforma de aprendizaje específica de la universidad, titulación o departamento","Bots-agenda (que avisen p.e. del tiempo que queda para una entrega), Bots que guarden y recuperen preguntas frecuentes","No, antes la usaba y ahora la sigo usando."
8/02/2021 17:07:57,Grado,Ciencias Sociales,Mujer,35-45,5-15 años,Un grupo con los estudiantes de mi asignatura,"Whatsapp, Telegram, PRADO/SWAD/otra plataforma de aprendizaje específica de la universidad, titulación o departamento","Bots-agenda (que avisen p.e. del tiempo que queda para una entrega), Bots que guarden y recuperen preguntas frecuentes","Sí, antes no usaba ningún tipo de plataforma de mensajería y ahora sí la uso."
8/02/2021 17:34:17,"Grado, Máster",Ingeniería,Mujer,45-55,15-25 años,Un grupo con los estudiantes de mi asignatura,"Telegram, PRADO/SWAD/otra plataforma de aprendizaje específica de la universidad, titulación o departamento",Bots-agenda (que avisen p.e. del tiempo que queda para una entrega),"No, antes la usaba y ahora la sigo usando."
8/02/2021 17:42:23,"Grado, Máster",Ingeniería,Hombre,25-35,5-15 años,"Un grupo con los estudiantes de mi asignatura, Un grupo para toda la titulación, Facultad o Escuela (profesores y estudiantes), Un grupo para el curso completo (profesores y estudiantes)","Telegram, PRADO/SWAD/otra plataforma de aprendizaje específica de la universidad, titulación o departamento","Bots-agenda (que avisen p.e. del tiempo que queda para una entrega), Bots que guarden y recuperen preguntas frecuentes, Bots que comuniquen las notas","No, antes la usaba y ahora la sigo usando."
8/02/2021 18:18:38,"Grado, Máster",Ingeniería,Prefiero no decirlo,Más de 55,15-25 años,Un grupo con los estudiantes de mi asignatura,"Telegram, PRADO/SWAD/otra plataforma de aprendizaje específica de la universidad, titulación o departamento",Bots-agenda (que avisen p.e. del tiempo que queda para una entrega),"No, antes la usaba y ahora la sigo usando."
8/02/2021 18:24:38,"Grado, Máster",Ciencias Sociales,Mujer,Más de 55,más de 25 años,Un grupo con los estudiantes de mi asignatura,"Whatsapp, PRADO/SWAD/otra plataforma de aprendizaje específica de la universidad, titulación o departamento","Bots que guarden y recuperen preguntas frecuentes, Bots que comuniquen las notas","No, antes la usaba y ahora la sigo usando."
8/02/2021 18:44:11,"Grado, Máster",Ciencias Sociales,Mujer,Más de 55,15-25 años,Un grupo con los estudiantes de mi asignatura,"PRADO/SWAD/otra plataforma de aprendizaje específica de la universidad, titulación o departamento","Bots-agenda (que avisen p.e. del tiempo que queda para una entrega), Bots que te ayuden con el material de clase (por ejemplo, haciendo búsquedas o preguntando)","Sí, he cambiado de plataforma de mensajería a otras más seguras."
8/02/2021 19:00:09,"Grado, Máster",Ingeniería,Hombre,Más de 55,más de 25 años,"Un grupo con los estudiantes de mi asignatura, Un grupo para el curso completo (profesores y estudiantes)","Whatsapp, PRADO/SWAD/otra plataforma de aprendizaje específica de la universidad, titulación o departamento",SWAD ya los incorpora,"No, antes la usaba y ahora la sigo usando."
8/02/2021 19:07:53,"Grado, Máster, Doctorado, Títulos propios",Ingeniería,Hombre,45-55,15-25 años,Un grupo con los estudiantes de mi asignatura,"Whatsapp, Telegram",Bots-agenda (que avisen p.e. del tiempo que queda para una entrega),"No, antes la usaba y ahora la sigo usando."
8/02/2021 19:31:17,Grado,Ingeniería,Hombre,Más de 55,más de 25 años,Un grupo con los estudiantes de mi asignatura,"PRADO/SWAD/otra plataforma de aprendizaje específica de la universidad, titulación o departamento",Bots-agenda (que avisen p.e. del tiempo que queda para una entrega),"No, antes la usaba y ahora la sigo usando."
8/02/2021 19:32:21,"Grado, Máster, Doctorado",Ingeniería,Hombre,45-55,más de 25 años,Un grupo con los estudiantes de mi asignatura,"PRADO/SWAD/otra plataforma de aprendizaje específica de la universidad, titulación o departamento, email","Bots-agenda (que avisen p.e. del tiempo que queda para una entrega), Bots que te ayuden con el material de clase (por ejemplo, haciendo búsquedas o preguntando)","Sí, he cambiado de plataforma de mensajería a otras más seguras."
8/02/2021 19:49:35,"Grado, Máster, Doctorado",Ingeniería,Hombre,45-55,más de 25 años,Prefiero que los estudiantes se autoorganicen y no estar en ningún grupo de mensajería,"PRADO/SWAD/otra plataforma de aprendizaje específica de la universidad, titulación o departamento",Bots que guarden y recuperen preguntas frecuentes,"No, antes la usaba y ahora la sigo usando."
8/02/2021 19:57:10,"Grado, Máster",Ingeniería,Hombre,45-55,más de 25 años,Un grupo con los estudiantes de mi asignatura,"Ninguna, prefiero no usar ningún tipo de mensajería con los estudiantes.","Bots-agenda (que avisen p.e. del tiempo que queda para una entrega), Bots que guarden y recuperen preguntas frecuentes, Bots que te ayuden con el material de clase (por ejemplo, haciendo búsquedas o preguntando)","Sí, antes no usaba ningún tipo de plataforma de mensajería y ahora sí la uso."
8/02/2021 20:12:47,"Grado, Máster, Doctorado, Títulos propios",Ingeniería,Prefiero no decirlo,45-55,más de 25 años,Un grupo para el curso completo (profesores y estudiantes),"PRADO/SWAD/otra plataforma de aprendizaje específica de la universidad, titulación o departamento","Bots-agenda (que avisen p.e. del tiempo que queda para una entrega), Bots que comuniquen las notas, Bots que te ayuden con el material de clase (por ejemplo, haciendo búsquedas o preguntando)","No, antes la usaba y ahora la sigo usando."
8/02/2021 21:21:56,"Grado, Máster",Ingeniería,Mujer,25-35,5-15 años,Prefiero que los estudiantes se autoorganicen y no estar en ningún grupo de mensajería,"Whatsapp, PRADO/SWAD/otra plataforma de aprendizaje específica de la universidad, titulación o departamento","Bots-agenda (que avisen p.e. del tiempo que queda para una entrega), Bots que guarden y recuperen preguntas frecuentes","No, no la usaba antes ni ahora."
8/02/2021 21:44:06,"Grado, Máster",Ingeniería,Hombre,35-45,15-25 años,Un grupo con los estudiantes de mi asignatura,"PRADO/SWAD/otra plataforma de aprendizaje específica de la universidad, titulación o departamento","Bots-agenda (que avisen p.e. del tiempo que queda para una entrega), Bots que te ayuden con el material de clase (por ejemplo, haciendo búsquedas o preguntando)","No, antes la usaba y ahora la sigo usando."
8/02/2021 21:53:08,Grado,Ingeniería,Hombre,35-45,5-15 años,Prefiero que los estudiantes se autoorganicen y no estar en ningún grupo de mensajería,"Ninguna, prefiero no usar ningún tipo de mensajería con los estudiantes.","Bots-agenda (que avisen p.e. del tiempo que queda para una entrega), Bots que guarden y recuperen preguntas frecuentes, Bots que comuniquen las notas","No, no la usaba antes ni ahora."
8/02/2021 23:33:57,"Grado, Máster, Doctorado",Ingeniería,Hombre,35-45,15-25 años,Un grupo con los estudiantes de mi asignatura,"Whatsapp, Telegram","Bots-agenda (que avisen p.e. del tiempo que queda para una entrega), Bots que guarden y recuperen preguntas frecuentes, Bots que comuniquen las notas","No, no la usaba antes ni ahora."
9/02/2021 8:44:51,"Grado, Máster",Ingeniería,Mujer,Más de 55,15-25 años,Un grupo con los estudiantes de mi asignatura,"Whatsapp, Telegram","Bots que te ayuden con el material de clase (por ejemplo, haciendo búsquedas o preguntando)","No, antes la usaba y ahora la sigo usando."
9/02/2021 10:12:33,Grado,Ciencias,Mujer,35-45,0-5 años,Un grupo con los estudiantes de mi asignatura,"PRADO/SWAD/otra plataforma de aprendizaje específica de la universidad, titulación o departamento","Bots-agenda (que avisen p.e. del tiempo que queda para una entrega), Bots que te ayuden con el material de clase (por ejemplo, haciendo búsquedas o preguntando)","No, antes la usaba y ahora la sigo usando."
9/02/2021 12:03:26,"Grado, Máster",Ingeniería,Hombre,45-55,15-25 años,Prefiero que los estudiantes se autoorganicen y no estar en ningún grupo de mensajería,"PRADO/SWAD/otra plataforma de aprendizaje específica de la universidad, titulación o departamento","Bots-agenda (que avisen p.e. del tiempo que queda para una entrega), Bots que guarden y recuperen preguntas frecuentes, Bots que comuniquen las notas, Bots que te ayuden con el material de clase (por ejemplo, haciendo búsquedas o preguntando)","No, antes la usaba y ahora la sigo usando."
9/02/2021 14:59:25,Grado,Ingeniería,Hombre,45-55,más de 25 años,"Un grupo con los estudiantes de mi asignatura, Un grupo para toda la titulación, Facultad o Escuela (profesores y estudiantes), Un grupo para el curso completo (profesores y estudiantes)","Twitter mensajes, PRADO/SWAD/otra plataforma de aprendizaje específica de la universidad, titulación o departamento, Teams","Bots-agenda (que avisen p.e. del tiempo que queda para una entrega), Bots que guarden y recuperen preguntas frecuentes","No, antes la usaba y ahora la sigo usando."
9/02/2021 15:06:12,"Grado, Máster",Ingeniería,Hombre,45-55,15-25 años,Prefiero que los estudiantes se autoorganicen y no estar en ningún grupo de mensajería,"Aula Virtual, incluye foro (con moodle)",ninguno,"No, antes la usaba y ahora la sigo usando."
9/02/2021 15:09:03,"Grado, Máster",Ingeniería,Hombre,35-45,5-15 años,Prefiero que los estudiantes se autoorganicen y no estar en ningún grupo de mensajería,"Whatsapp, Ninguna, prefiero no usar ningún tipo de mensajería con los estudiantes.",Bots que guarden y recuperen preguntas frecuentes,"No, no la usaba antes ni ahora."
9/02/2021 15:13:43,Grado,Ingeniería,Hombre,45-55,5-15 años,"Un grupo con los estudiantes de mi asignatura, Un grupo para toda la titulación, Facultad o Escuela (profesores y estudiantes)","PRADO/SWAD/otra plataforma de aprendizaje específica de la universidad, titulación o departamento, TEAMS",No uso bots,"Sí, he cambiado de plataforma de mensajería a otras más seguras."
9/02/2021 15:13:57,"Grado, Máster, Doctorado, Títulos propios",Ingeniería,Mujer,25-35,5-15 años,Un grupo con los estudiantes de mi asignatura,Teams,Ninguno,"Sí, antes no usaba ningún tipo de plataforma de mensajería y ahora sí la uso."
9/02/2021 15:15:33,"Grado, Máster",Ingeniería,Hombre,35-45,5-15 años,Prefiero que los estudiantes se autoorganicen y no estar en ningún grupo de mensajería,Whatsapp,"Bots-agenda (que avisen p.e. del tiempo que queda para una entrega), Bots que guarden y recuperen preguntas frecuentes, Bots que comuniquen las notas, Bots que te ayuden con el material de clase (por ejemplo, haciendo búsquedas o preguntando)","Sí, antes no usaba ningún tipo de plataforma de mensajería y ahora sí la uso."
9/02/2021 15:43:18,Grado,Ingeniería,Hombre,45-55,15-25 años,Prefiero que los estudiantes se autoorganicen y no estar en ningún grupo de mensajería,"Ninguna, prefiero no usar ningún tipo de mensajería con los estudiantes.","Enseño a programar bots de telegram, pero para clase uso e-mail","No, no la usaba antes ni ahora."
9/02/2021 16:06:33,"Grado, Máster",Ingeniería,Hombre,35-45,5-15 años,Un grupo con los estudiantes de mi asignatura,Teams,"Bots-agenda (que avisen p.e. del tiempo que queda para una entrega), Bots que guarden y recuperen preguntas frecuentes","No, antes la usaba y ahora la sigo usando."
9/02/2021 16:28:27,"Grado, Doctorado",Ingeniería,Hombre,45-55,15-25 años,Un grupo para el curso completo (profesores y estudiantes),"PRADO/SWAD/otra plataforma de aprendizaje específica de la universidad, titulación o departamento","Bots-agenda (que avisen p.e. del tiempo que queda para una entrega), Bots que guarden y recuperen preguntas frecuentes, Bots que comuniquen las notas","Sí, he cambiado de plataforma de mensajería a otras más seguras."
9/02/2021 16:32:35,"Grado, Máster, Títulos propios",Ingeniería,Mujer,25-35,5-15 años,Prefiero que los estudiantes se autoorganicen y no estar en ningún grupo de mensajería,"Ninguna, prefiero no usar ningún tipo de mensajería con los estudiantes.",Bots-agenda (que avisen p.e. del tiempo que queda para una entrega),"No, no la usaba antes ni ahora."
9/02/2021 17:38:40,Grado,Ingeniería,Hombre,35-45,5-15 años,"Un grupo para toda la titulación, Facultad o Escuela (profesores y estudiantes)",Whatsapp,"Bots-agenda (que avisen p.e. del tiempo que queda para una entrega), Bots que guarden y recuperen preguntas frecuentes, Bots que comuniquen las notas, Bots que te ayuden con el material de clase (por ejemplo, haciendo búsquedas o preguntando)","No, no la usaba antes ni ahora."
9/02/2021 18:19:45,Grado,Ingeniería,Hombre,25-35,0-5 años,"Un grupo con los estudiantes de mi asignatura, Un grupo para el curso completo (profesores y estudiantes)","PRADO/SWAD/otra plataforma de aprendizaje específica de la universidad, titulación o departamento","Bots-agenda (que avisen p.e. del tiempo que queda para una entrega), Bots que guarden y recuperen preguntas frecuentes, Bots que comuniquen las notas","No, antes la usaba y ahora la sigo usando."
9/02/2021 18:53:17,Grado,Ingeniería,Hombre,45-55,5-15 años,Un grupo con los estudiantes de mi asignatura,correo-e y TEAMS,"No veo utilidad para ""mejorar resultados de aprendizaje""","No, antes la usaba y ahora la sigo usando."
9/02/2021 19:14:35,Grado,Ciencias,Hombre,25-35,5-15 años,"Un grupo con los estudiantes de mi asignatura, Un grupo para el curso completo (profesores y estudiantes)","Ninguna, prefiero no usar ningún tipo de mensajería con los estudiantes.","Bots-agenda (que avisen p.e. del tiempo que queda para una entrega), Bots que te ayuden con el material de clase (por ejemplo, haciendo búsquedas o preguntando)","No, antes la usaba y ahora la sigo usando."
9/02/2021 19:19:42,Máster,Ingeniería,Mujer,25-35,0-5 años,"Un grupo con los estudiantes de mi asignatura, Un grupo para toda la titulación, Facultad o Escuela (profesores y estudiantes)",Discord,"Bots-agenda (que avisen p.e. del tiempo que queda para una entrega), Bots que guarden y recuperen preguntas frecuentes, Bots que comuniquen las notas","Sí, he cambiado de plataforma de mensajería a otras más seguras."
9/02/2021 20:01:36,Máster,Ingeniería,Hombre,45-55,15-25 años,Un grupo con los estudiantes de mi asignatura,"Discord, Classroom.google.com","Bots que te ayuden con el material de clase (por ejemplo, haciendo búsquedas o preguntando)","No, antes la usaba y ahora la sigo usando."
9/02/2021 20:16:10,Grado,Ingeniería,Hombre,45-55,0-5 años,Un grupo con los estudiantes de mi asignatura,"PRADO/SWAD/otra plataforma de aprendizaje específica de la universidad, titulación o departamento","Bots-agenda (que avisen p.e. del tiempo que queda para una entrega), Bots que comuniquen las notas","No, antes la usaba y ahora la sigo usando."
9/02/2021 20:16:43,Doctorado,Ingeniería,Mujer,35-45,15-25 años,Un grupo con los estudiantes de mi asignatura,"PRADO/SWAD/otra plataforma de aprendizaje específica de la universidad, titulación o departamento","Bots-agenda (que avisen p.e. del tiempo que queda para una entrega), Bots que guarden y recuperen preguntas frecuentes, Bots que te ayuden con el material de clase (por ejemplo, haciendo búsquedas o preguntando)","Sí, antes no usaba ningún tipo de plataforma de mensajería y ahora sí la uso."
9/02/2021 20:27:14,Grado,Ingeniería,Mujer,35-45,5-15 años,"Un grupo con los estudiantes de mi asignatura, Un grupo para el curso completo (profesores y estudiantes)",Whatsapp,Bots-agenda (que avisen p.e. del tiempo que queda para una entrega),"Sí, antes no usaba ningún tipo de plataforma de mensajería y ahora sí la uso."
9/02/2021 20:27:23,Grado,Ingeniería,Hombre,25-35,5-15 años,Un grupo con los estudiantes de mi asignatura,Teams,"Bots-agenda (que avisen p.e. del tiempo que queda para una entrega), Bots que guarden y recuperen preguntas frecuentes, Bots que te ayuden con el material de clase (por ejemplo, haciendo búsquedas o preguntando)",Antes solía emplear el foro de Moodle y ahora también uso Teams 
9/02/2021 20:50:35,Grado,Ciencias Sociales,Mujer,45-55,0-5 años,Un grupo con los estudiantes de mi asignatura,Whatsapp,Bots-agenda (que avisen p.e. del tiempo que queda para una entrega),"Sí, antes no usaba ningún tipo de plataforma de mensajería y ahora sí la uso."
9/02/2021 20:51:13,"Grado, Máster, Títulos propios",Ingeniería,Mujer,45-55,15-25 años,"Un grupo con los estudiantes de mi asignatura, Un grupo para toda la titulación, Facultad o Escuela (profesores y estudiantes)","Telegram, Foro de Aula Virtual",Bots que comuniquen las notas,"No, antes la usaba y ahora la sigo usando."
9/02/2021 20:51:30,Máster,Ciencias,Mujer,35-45,15-25 años,Prefiero que los estudiantes se autoorganicen y no estar en ningún grupo de mensajería,"Ninguna, prefiero no usar ningún tipo de mensajería con los estudiantes.","Bots-agenda (que avisen p.e. del tiempo que queda para una entrega), Bots que te ayuden con el material de clase (por ejemplo, haciendo búsquedas o preguntando)","Sí, antes no usaba ningún tipo de plataforma de mensajería y ahora sí la uso."
9/02/2021 21:04:34,Grado,Ingeniería,Mujer,25-35,5-15 años,Un grupo con los estudiantes de mi asignatura,Messenger y Classroom.,"Bots-agenda (que avisen p.e. del tiempo que queda para una entrega), Bots que te ayuden con el material de clase (por ejemplo, haciendo búsquedas o preguntando), Lo idea sería que las respuestas no den prediseñadas para poder contestar específicamente cualquier duda de cualquier índole.","No, antes la usaba y ahora la sigo usando."
9/02/2021 21:15:44,Grado,Ingeniería,Mujer,25-35,0-5 años,Un grupo con los estudiantes de mi asignatura,Whatsapp,"Bots que te ayuden con el material de clase (por ejemplo, haciendo búsquedas o preguntando)","No, antes la usaba y ahora la sigo usando."
9/02/2021 22:00:50,"Grado, Máster",Ingeniería,Hombre,35-45,15-25 años,Prefiero que los estudiantes se autoorganicen y no estar en ningún grupo de mensajería,"Whatsapp, correo electrónico","Bots que guarden y recuperen preguntas frecuentes, Bots que comuniquen las notas, Bots que te ayuden con el material de clase (por ejemplo, haciendo búsquedas o preguntando)","No, antes la usaba y ahora la sigo usando."
9/02/2021 22:15:38,Grado,Ingeniería,Hombre,35-45,0-5 años,Un grupo con los estudiantes de mi asignatura,Whatsapp,Bots que comuniquen las notas,"Sí, antes no usaba ningún tipo de plataforma de mensajería y ahora sí la uso."
10/02/2021 6:10:32,"Grado, Máster, Doctorado",Ciencias Sociales,Mujer,35-45,5-15 años,Un grupo con los estudiantes de mi asignatura,"Whatsapp, Telegram, PRADO/SWAD/otra plataforma de aprendizaje específica de la universidad, titulación o departamento","Bots-agenda (que avisen p.e. del tiempo que queda para una entrega), Bots que guarden y recuperen preguntas frecuentes, Bots que comuniquen las notas","Sí, antes no usaba ningún tipo de plataforma de mensajería y ahora sí la uso."
10/02/2021 9:06:54,"Grado, Máster, Doctorado, Títulos propios",Ciencias Sociales,Hombre,45-55,más de 25 años,Un grupo con los estudiantes de mi asignatura,"Ninguna, prefiero no usar ningún tipo de mensajería con los estudiantes.","Bots-agenda (que avisen p.e. del tiempo que queda para una entrega), Bots que guarden y recuperen preguntas frecuentes, Bots que te ayuden con el material de clase (por ejemplo, haciendo búsquedas o preguntando)","No, no la usaba antes ni ahora."
10/02/2021 9:14:01,"Grado, Máster, Títulos propios",Ciencias Sociales,Hombre,45-55,15-25 años,Prefiero que los estudiantes se autoorganicen y no estar en ningún grupo de mensajería,"PRADO/SWAD/otra plataforma de aprendizaje específica de la universidad, titulación o departamento","Bots-agenda (que avisen p.e. del tiempo que queda para una entrega), Bots que comuniquen las notas","No, antes la usaba y ahora la sigo usando."
10/02/2021 11:09:13,Grado,Ciencias,Mujer,45-55,más de 25 años,Un grupo con los estudiantes de mi asignatura,"PRADO/SWAD/otra plataforma de aprendizaje específica de la universidad, titulación o departamento",Bots que guarden y recuperen preguntas frecuentes,"No, antes la usaba y ahora la sigo usando."
10/02/2021 11:14:52,"Grado, Máster",Ingeniería,Hombre,35-45,15-25 años,Un grupo con los estudiantes de mi asignatura,"Whatsapp, Telegram, PRADO/SWAD/otra plataforma de aprendizaje específica de la universidad, titulación o departamento","Bots-agenda (que avisen p.e. del tiempo que queda para una entrega), Bots que comuniquen las notas","Sí, antes no usaba ningún tipo de plataforma de mensajería y ahora sí la uso."
10/02/2021 11:15:11,Grado,Ingeniería,Hombre,25-35,0-5 años,"Un grupo con los estudiantes de mi asignatura, Prefiero que los estudiantes se autoorganicen y no estar en ningún grupo de mensajería","Whatsapp, Telegram, PRADO/SWAD/otra plataforma de aprendizaje específica de la universidad, titulación o departamento","Ninguno, son los estudiantes los que tienen que trabajar","No, antes la usaba y ahora la sigo usando."
10/02/2021 11:20:58,Grado,Ingeniería,Hombre,25-35,0-5 años,Un grupo con los estudiantes de mi asignatura,"Telegram, LinkedIn, PRADO/SWAD/otra plataforma de aprendizaje específica de la universidad, titulación o departamento","Bots-agenda (que avisen p.e. del tiempo que queda para una entrega), Bots que comuniquen las notas","Sí, he cambiado de plataforma de mensajería a otras más seguras."
10/02/2021 11:21:07,"Grado, Máster",Ingeniería,Mujer,45-55,15-25 años,Un grupo con los estudiantes de mi asignatura,"PRADO/SWAD/otra plataforma de aprendizaje específica de la universidad, titulación o departamento",prefiero responder yo en vez de usar programas que respondan automáticamente,"No, antes la usaba y ahora la sigo usando."
10/02/2021 11:22:26,Grado,Ingeniería,Hombre,45-55,más de 25 años,Un grupo con los estudiantes de mi asignatura,"PRADO/SWAD/otra plataforma de aprendizaje específica de la universidad, titulación o departamento",Bots que guarden y recuperen preguntas frecuentes,"Sí, he cambiado de plataforma de mensajería a otras más seguras."
10/02/2021 11:25:19,"Grado, Máster, Doctorado",Ingeniería,Hombre,35-45,5-15 años,Prefiero que los estudiantes se autoorganicen y no estar en ningún grupo de mensajería,"PRADO/SWAD/otra plataforma de aprendizaje específica de la universidad, titulación o departamento","Bots que guarden y recuperen preguntas frecuentes, Bots que comuniquen las notas","No, no la usaba antes ni ahora."
10/02/2021 11:27:17,"Grado, Máster",Ingeniería,Hombre,35-45,0-5 años,Prefiero que los estudiantes se autoorganicen y no estar en ningún grupo de mensajería,Whatsapp,"Bots-agenda (que avisen p.e. del tiempo que queda para una entrega), Bots que guarden y recuperen preguntas frecuentes, Bots que comuniquen las notas, Bots que te ayuden con el material de clase (por ejemplo, haciendo búsquedas o preguntando)","No, no la usaba antes ni ahora."
10/02/2021 11:36:06,"Grado, Máster, Doctorado, Títulos propios",Ingeniería,Hombre,35-45,5-15 años,Un grupo para el curso completo (profesores y estudiantes),"PRADO/SWAD/otra plataforma de aprendizaje específica de la universidad, titulación o departamento","Bots que te ayuden con el material de clase (por ejemplo, haciendo búsquedas o preguntando)","No, antes la usaba y ahora la sigo usando."
10/02/2021 11:43:14,Grado,Ingeniería,Hombre,25-35,0-5 años,Prefiero que los estudiantes se autoorganicen y no estar en ningún grupo de mensajería,"Whatsapp, Slack","Bots-agenda (que avisen p.e. del tiempo que queda para una entrega), Bots que guarden y recuperen preguntas frecuentes, Bots que comuniquen las notas","No, antes la usaba y ahora la sigo usando."
10/02/2021 11:44:40,"Grado, Máster",Ingeniería,Hombre,35-45,5-15 años,Un grupo con los estudiantes de mi asignatura,"PRADO/SWAD/otra plataforma de aprendizaje específica de la universidad, titulación o departamento","Bots-agenda (que avisen p.e. del tiempo que queda para una entrega), Bots que guarden y recuperen preguntas frecuentes, Bots que comuniquen las notas, Bots que te ayuden con el material de clase (por ejemplo, haciendo búsquedas o preguntando)","No, antes la usaba y ahora la sigo usando."
10/02/2021 11:44:41,"Grado, Máster",Ingeniería,Hombre,Más de 55,más de 25 años,Un grupo para el curso completo (profesores y estudiantes),"PRADO/SWAD/otra plataforma de aprendizaje específica de la universidad, titulación o departamento",ninguno,"No, antes la usaba y ahora la sigo usando."
10/02/2021 11:48:14,"Grado, Máster",Ingeniería,Hombre,35-45,0-5 años,Prefiero que los estudiantes se autoorganicen y no estar en ningún grupo de mensajería,"Whatsapp, PRADO/SWAD/otra plataforma de aprendizaje específica de la universidad, titulación o departamento",Bots que guarden y recuperen preguntas frecuentes,"No, no la usaba antes ni ahora."
10/02/2021 11:56:59,Grado,Ciencias Sociales,Hombre,Más de 55,más de 25 años,Prefiero que los estudiantes se autoorganicen y no estar en ningún grupo de mensajería,"Whatsapp, PRADO/SWAD/otra plataforma de aprendizaje específica de la universidad, titulación o departamento",Creo que Prado responde globalmente a todos estos bots,"Sí, antes no usaba ningún tipo de plataforma de mensajería y ahora sí la uso."
10/02/2021 12:58:48,"Grado, Máster, Doctorado",Ingeniería,Hombre,35-45,15-25 años,"Un grupo con los estudiantes de mi asignatura, Prefiero que los estudiantes se autoorganicen y no estar en ningún grupo de mensajería","Telegram, PRADO/SWAD/otra plataforma de aprendizaje específica de la universidad, titulación o departamento","Bots-agenda (que avisen p.e. del tiempo que queda para una entrega), Bots que guarden y recuperen preguntas frecuentes, Bots que comuniquen las notas","No, antes la usaba y ahora la sigo usando."
10/02/2021 13:27:00,Grado,Humanidades,Hombre,45-55,más de 25 años,Prefiero que los estudiantes se autoorganicen y no estar en ningún grupo de mensajería,"Ninguna, prefiero no usar ningún tipo de mensajería con los estudiantes.","Bots-agenda (que avisen p.e. del tiempo que queda para una entrega), Bots que comuniquen las notas","No, no la usaba antes ni ahora."
10/02/2021 13:35:21,"Grado, Máster",Ingeniería,Hombre,45-55,5-15 años,Prefiero que los estudiantes se autoorganicen y no estar en ningún grupo de mensajería,"PRADO/SWAD/otra plataforma de aprendizaje específica de la universidad, titulación o departamento",Bots que comuniquen las notas,"No, antes la usaba y ahora la sigo usando."
10/02/2021 13:45:32,Grado,Ingeniería,Hombre,35-45,5-15 años,Un grupo con los estudiantes de mi asignatura,Telegram,"Bots-agenda (que avisen p.e. del tiempo que queda para una entrega), Bots que guarden y recuperen preguntas frecuentes","Sí, antes no usaba ningún tipo de plataforma de mensajería y ahora sí la uso."
10/02/2021 13:48:05,"Grado, Máster, Títulos propios",Ingeniería,Hombre,35-45,15-25 años,Un grupo con los estudiantes de mi asignatura,Telegram,"Bots que te ayuden con el material de clase (por ejemplo, haciendo búsquedas o preguntando)","No, antes la usaba y ahora la sigo usando."
10/02/2021 14:17:45,"Grado, Máster",Ciencias,Hombre,45-55,15-25 años,"Un grupo con los estudiantes de mi asignatura, Un grupo para el curso completo (profesores y estudiantes)","Whatsapp, Telegram, PRADO/SWAD/otra plataforma de aprendizaje específica de la universidad, titulación o departamento","Bots-agenda (que avisen p.e. del tiempo que queda para una entrega), Bots que guarden y recuperen preguntas frecuentes, Bots que comuniquen las notas, Bots que te ayuden con el material de clase (por ejemplo, haciendo búsquedas o preguntando), Bots que organicen preguntas de cuestionarios en función del porcentaje de respuestas correctas de cursos anteriores","Antes las usabas, pero ahora con mayor frecuencia."
10/02/2021 15:39:56,"Grado, Máster, Doctorado",Ingeniería,Mujer,45-55,más de 25 años,Un grupo con los estudiantes de mi asignatura,"Whatsapp, Telegram, PRADO/SWAD/otra plataforma de aprendizaje específica de la universidad, titulación o departamento","Bots-agenda (que avisen p.e. del tiempo que queda para una entrega), Bots que comuniquen las notas, Bots que te ayuden con el material de clase (por ejemplo, haciendo búsquedas o preguntando)","No, antes la usaba y ahora la sigo usando."
10/02/2021 15:56:01,"Grado, Máster",Ingeniería,Hombre,35-45,5-15 años,Un grupo con los estudiantes de mi asignatura,"PRADO/SWAD/otra plataforma de aprendizaje específica de la universidad, titulación o departamento","Bots-agenda (que avisen p.e. del tiempo que queda para una entrega), Bots que guarden y recuperen preguntas frecuentes, Bots que comuniquen las notas","No, antes la usaba y ahora la sigo usando."
10/02/2021 18:37:01,Doctorado,Ingeniería,Mujer,35-45,5-15 años,Un grupo con los estudiantes de mi asignatura,"Whatsapp, Telegram","Bots que te ayuden con el material de clase (por ejemplo, haciendo búsquedas o preguntando)","Sí, he cambiado de plataforma de mensajería a otras más seguras."
10/02/2021 18:53:54,Grado,Humanidades,Mujer,25-35,0-5 años,Un grupo para el curso completo (profesores y estudiantes),Whatsapp,Bots-agenda (que avisen p.e. del tiempo que queda para una entrega),"Sí, antes no usaba ningún tipo de plataforma de mensajería y ahora sí la uso."
10/02/2021 19:05:52,"Grado, Máster",Ciencias Sociales,Mujer,45-55,15-25 años,"Un grupo para toda la titulación, Facultad o Escuela (profesores y estudiantes), Un grupo para el curso completo (profesores y estudiantes)",Whatsapp,"Bots que guarden y recuperen preguntas frecuentes, Bots que comuniquen las notas, Bots que te ayuden con el material de clase (por ejemplo, haciendo búsquedas o preguntando)","No, antes la usaba y ahora la sigo usando."
10/02/2021 19:22:21,Grado,Ciencias,Hombre,35-45,5-15 años,Un grupo con los estudiantes de mi asignatura,Whatsapp,Bots que guarden y recuperen preguntas frecuentes,"No, antes la usaba y ahora la sigo usando."
10/02/2021 19:22:31,"Grado, Máster",Ciencias,Hombre,45-55,más de 25 años,"Un grupo para toda la titulación, Facultad o Escuela (profesores y estudiantes), Un grupo para el curso completo (profesores y estudiantes)","Whatsapp, LinkedIn, Moodle","Bots-agenda (que avisen p.e. del tiempo que queda para una entrega), Bots que comuniquen las notas","No, antes la usaba y ahora la sigo usando."
10/02/2021 19:24:01,Máster,Ciencias Sociales,Hombre,45-55,5-15 años,Un grupo para el curso completo (profesores y estudiantes),"Whatsapp, PRADO/SWAD/otra plataforma de aprendizaje específica de la universidad, titulación o departamento","Bots que te ayuden con el material de clase (por ejemplo, haciendo búsquedas o preguntando)","No, antes la usaba y ahora la sigo usando."
10/02/2021 19:24:15,Grado,Ciencias,Mujer,45-55,5-15 años,"Un grupo para toda la titulación, Facultad o Escuela (profesores y estudiantes)","Whatsapp, BBB",Bots que guarden y recuperen preguntas frecuentes,"Sí, he cambiado de plataforma de mensajería a otras más seguras."
10/02/2021 19:25:16,Grado,Ciencias Sociales,Hombre,45-55,15-25 años,"Un grupo con los estudiantes de mi asignatura, Un grupo para el curso completo (profesores y estudiantes)","Whatsapp, Telegram, LinkedIn, Twitter mensajes","Bots-agenda (que avisen p.e. del tiempo que queda para una entrega), Bots que guarden y recuperen preguntas frecuentes, Bots que comuniquen las notas, Bots que te ayuden con el material de clase (por ejemplo, haciendo búsquedas o preguntando)","Sí, he cambiado de plataforma de mensajería a otras más seguras."
10/02/2021 19:55:11,Grado,Ciencias Sociales,Hombre,45-55,15-25 años,Prefiero que los estudiantes se autoorganicen y no estar en ningún grupo de mensajería,Whatsapp,Bots-agenda (que avisen p.e. del tiempo que queda para una entrega),"Sí, he cambiado de plataforma de mensajería a otras más seguras."
10/02/2021 20:13:11,Doctorado,Ciencias Sociales,Hombre,35-45,5-15 años,Un grupo para el curso completo (profesores y estudiantes),"PRADO/SWAD/otra plataforma de aprendizaje específica de la universidad, titulación o departamento","Bots que guarden y recuperen preguntas frecuentes, Bots que comuniquen las notas","No, antes la usaba y ahora la sigo usando."
10/02/2021 20:24:25,Máster,Ciencias Sociales,Mujer,45-55,más de 25 años,Un grupo con los estudiantes de mi asignatura,Whatsapp,Bots que guarden y recuperen preguntas frecuentes,"No, antes la usaba y ahora la sigo usando."
10/02/2021 20:42:24,Grado,Humanidades,Mujer,Más de 55,5-15 años,Un grupo para el curso completo (profesores y estudiantes),"PRADO/SWAD/otra plataforma de aprendizaje específica de la universidad, titulación o departamento","Bots que te ayuden con el material de clase (por ejemplo, haciendo búsquedas o preguntando)","Sí, antes no usaba ningún tipo de plataforma de mensajería y ahora sí la uso."
10/02/2021 20:46:44,"Grado, Máster",Ciencias,Hombre,Más de 55,5-15 años,Un grupo con los estudiantes de mi asignatura,Whatsapp,"Bots que guarden y recuperen preguntas frecuentes, Bots que comuniquen las notas, Bots que te ayuden con el material de clase (por ejemplo, haciendo búsquedas o preguntando)","No, antes la usaba y ahora la sigo usando."
10/02/2021 20:49:35,Grado,Ciencias Sociales,Mujer,25-35,5-15 años,"Un grupo con los estudiantes de mi asignatura, Un grupo para el curso completo (profesores y estudiantes)","Whatsapp, Plataforma virtual","Bots-agenda (que avisen p.e. del tiempo que queda para una entrega), Bots que comuniquen las notas, Bots que te ayuden con el material de clase (por ejemplo, haciendo búsquedas o preguntando)","No, antes la usaba y ahora la sigo usando."
10/02/2021 20:51:20,"Grado, Máster",Ciencias,Hombre,Más de 55,0-5 años,Un grupo con los estudiantes de mi asignatura,Whatsapp,"Bots que te ayuden con el material de clase (por ejemplo, haciendo búsquedas o preguntando)","No, antes la usaba y ahora la sigo usando."
10/02/2021 20:54:18,"Grado, Máster",Ciencias Sociales,Hombre,35-45,5-15 años,Un grupo para el curso completo (profesores y estudiantes),Whatsapp,"Bots-agenda (que avisen p.e. del tiempo que queda para una entrega), Bots que guarden y recuperen preguntas frecuentes, Bots que comuniquen las notas, Bots que te ayuden con el material de clase (por ejemplo, haciendo búsquedas o preguntando)","No, antes la usaba y ahora la sigo usando."
10/02/2021 20:57:05,Grado,Ciencias Sociales,Mujer,35-45,0-5 años,Un grupo con los estudiantes de mi asignatura,"Whatsapp, Telegram",Bots que guarden y recuperen preguntas frecuentes,"No, antes la usaba y ahora la sigo usando."
10/02/2021 20:57:12,"Grado, Máster",Ciencias Sociales,Hombre,35-45,0-5 años,Prefiero que los estudiantes se autoorganicen y no estar en ningún grupo de mensajería,Whatsapp,Bots que comuniquen las notas,"No, antes la usaba y ahora la sigo usando."
10/02/2021 21:03:01,Máster,Ciencias Sociales,Hombre,25-35,5-15 años,Un grupo con los estudiantes de mi asignatura,Whatsapp,"Bots-agenda (que avisen p.e. del tiempo que queda para una entrega), Bots que guarden y recuperen preguntas frecuentes, Bots que comuniquen las notas","Sí, antes no usaba ningún tipo de plataforma de mensajería y ahora sí la uso."
10/02/2021 21:03:28,Máster,Ciencias Sociales,Hombre,Más de 55,más de 25 años,Un grupo con los estudiantes de mi asignatura,"Whatsapp, Ninguna, prefiero no usar ningún tipo de mensajería con los estudiantes.","Bots que te ayuden con el material de clase (por ejemplo, haciendo búsquedas o preguntando)","No, antes la usaba y ahora la sigo usando."
10/02/2021 21:04:31,Grado,Ciencias Sociales,Hombre,45-55,5-15 años,"Un grupo con los estudiantes de mi asignatura, Un grupo para el curso completo (profesores y estudiantes)",Whatsapp,"Bots que te ayuden con el material de clase (por ejemplo, haciendo búsquedas o preguntando)","No, antes la usaba y ahora la sigo usando."
10/02/2021 21:07:18,Grado,Ingeniería,Hombre,35-45,0-5 años,"Un grupo con los estudiantes de mi asignatura, Un grupo para toda la titulación, Facultad o Escuela (profesores y estudiantes), Un grupo para el curso completo (profesores y estudiantes)",Whatsapp,"Bots-agenda (que avisen p.e. del tiempo que queda para una entrega), Bots que te ayuden con el material de clase (por ejemplo, haciendo búsquedas o preguntando)","No, antes la usaba y ahora la sigo usando."
10/02/2021 21:34:34,Títulos propios,Ciencias,Mujer,Más de 55,más de 25 años,Un grupo para el curso completo (profesores y estudiantes),Correo electrónico institucional,"Bots-agenda (que avisen p.e. del tiempo que queda para una entrega), Bots que guarden y recuperen preguntas frecuentes, Bots que comuniquen las notas, Bots que te ayuden con el material de clase (por ejemplo, haciendo búsquedas o preguntando)","No, antes la usaba y ahora la sigo usando."
10/02/2021 21:52:53,Grado,Ciencias Sociales,Hombre,45-55,5-15 años,Un grupo con los estudiantes de mi asignatura,Moodle,Bots-agenda (que avisen p.e. del tiempo que queda para una entrega),"No, no la usaba antes ni ahora."
11/02/2021 4:19:23,Grado,Ciencias,Hombre,35-45,5-15 años,Un grupo con los estudiantes de mi asignatura,"Correo electrónico, Plataforma EducaU y Teams.","Bots que guarden y recuperen preguntas frecuentes, Bots que comuniquen las notas, Bots que te ayuden con el material de clase (por ejemplo, haciendo búsquedas o preguntando)","Sí, he cambiado de plataforma de mensajería a otras más seguras."
11/02/2021 5:09:57,Grado,Ciencias Sociales,Hombre,45-55,5-15 años,"Un grupo con los estudiantes de mi asignatura, Un grupo para el curso completo (profesores y estudiantes)","Whatsapp, Grupo distribución Outlook","Bots-agenda (que avisen p.e. del tiempo que queda para una entrega), Bots que guarden y recuperen preguntas frecuentes","No, antes la usaba y ahora la sigo usando."
11/02/2021 8:09:40,"Grado, Máster",Ingeniería,Hombre,35-45,5-15 años,Un grupo con los estudiantes de mi asignatura,"PRADO/SWAD/otra plataforma de aprendizaje específica de la universidad, titulación o departamento","Bots-agenda (que avisen p.e. del tiempo que queda para una entrega), Bots que comuniquen las notas","Sí, antes no usaba ningún tipo de plataforma de mensajería y ahora sí la uso."
11/02/2021 11:07:16,"Grado, Máster, Doctorado, Títulos propios",Ingeniería,Hombre,35-45,5-15 años,Un grupo con los estudiantes de mi asignatura,"PRADO/SWAD/otra plataforma de aprendizaje específica de la universidad, titulación o departamento","Bots-agenda (que avisen p.e. del tiempo que queda para una entrega), Bots que te ayuden con el material de clase (por ejemplo, haciendo búsquedas o preguntando)",He intensificado el uso.
11/02/2021 12:55:26,"Grado, Doctorado, Títulos propios",Ingeniería,Hombre,45-55,15-25 años,Un grupo con los estudiantes de mi asignatura,"Discord, Slack, Google meet, Zoom.","Bots-agenda (que avisen p.e. del tiempo que queda para una entrega), Bots que guarden y recuperen preguntas frecuentes","Sí, me ha hecho tener que usar las herramientas con más frecuencia, y extender mi conocimiento de las herramientas disponibles."
11/02/2021 14:36:37,"Grado, Máster",Ciencias Sociales,Mujer,35-45,5-15 años,"Un grupo con los estudiantes de mi asignatura, Un grupo para toda la titulación, Facultad o Escuela (profesores y estudiantes)",Telegram,"Bots-agenda (que avisen p.e. del tiempo que queda para una entrega), Bots que comuniquen las notas","No, antes la usaba y ahora la sigo usando."
11/02/2021 15:29:23,Grado,Ingeniería,Mujer,25-35,5-15 años,"Un grupo con los estudiantes de mi asignatura, Prefiero que los estudiantes se autoorganicen y no estar en ningún grupo de mensajería, Un grupo para toda la titulación, Facultad o Escuela (profesores y estudiantes), Un grupo para el curso completo (profesores y estudiantes)","Whatsapp, Telegram, Discord","Bots-agenda (que avisen p.e. del tiempo que queda para una entrega), Bots que te ayuden con el material de clase (por ejemplo, haciendo búsquedas o preguntando)","No, antes la usaba y ahora la sigo usando."
11/02/2021 18:58:55,"Grado, Máster, Doctorado",Ingeniería,Hombre,25-35,0-5 años,Prefiero que los estudiantes se autoorganicen y no estar en ningún grupo de mensajería,"Whatsapp, Telegram, PRADO/SWAD/otra plataforma de aprendizaje específica de la universidad, titulación o departamento","Bots-agenda (que avisen p.e. del tiempo que queda para una entrega), Bots que comuniquen las notas","No, no la usaba antes ni ahora."
11/02/2021 19:01:56,"Grado, Máster",Ingeniería,Hombre,35-45,15-25 años,Un grupo con los estudiantes de mi asignatura,"PRADO/SWAD/otra plataforma de aprendizaje específica de la universidad, titulación o departamento","Bots-agenda (que avisen p.e. del tiempo que queda para una entrega), Bots que comuniquen las notas","No, antes la usaba y ahora la sigo usando."
11/02/2021 19:07:15,Grado,Ciencias,Hombre,35-45,5-15 años,"Un grupo con los estudiantes de mi asignatura, Un grupo para el curso completo (profesores y estudiantes)","Whatsapp, PRADO/SWAD/otra plataforma de aprendizaje específica de la universidad, titulación o departamento, MOODLE","Bots-agenda (que avisen p.e. del tiempo que queda para una entrega), Bots que comuniquen las notas","No, antes la usaba y ahora la sigo usando."
11/02/2021 19:32:28,"Grado, Máster, Doctorado",Ingeniería,Hombre,25-35,5-15 años,Un grupo con los estudiantes de mi asignatura,"PRADO/SWAD/otra plataforma de aprendizaje específica de la universidad, titulación o departamento","Bots-agenda (que avisen p.e. del tiempo que queda para una entrega), Bots que guarden y recuperen preguntas frecuentes, Bots que comuniquen las notas, Bots que te ayuden con el material de clase (por ejemplo, haciendo búsquedas o preguntando)","No, antes la usaba y ahora la sigo usando."
11/02/2021 19:51:00,Grado,Ingeniería,Hombre,25-35,0-5 años,Un grupo con los estudiantes de mi asignatura,"Telegram, Slack, PRADO/SWAD/otra plataforma de aprendizaje específica de la universidad, titulación o departamento","Bots-agenda (que avisen p.e. del tiempo que queda para una entrega), Bots que comuniquen las notas, Bots que te ayuden con el material de clase (por ejemplo, haciendo búsquedas o preguntando)","No, antes la usaba y ahora la sigo usando."
11/02/2021 19:52:53,"Grado, Máster",Ingeniería,Hombre,35-45,0-5 años,Prefiero que los estudiantes se autoorganicen y no estar en ningún grupo de mensajería,"PRADO/SWAD/otra plataforma de aprendizaje específica de la universidad, titulación o departamento","Bots que guarden y recuperen preguntas frecuentes, Bots que te ayuden con el material de clase (por ejemplo, haciendo búsquedas o preguntando)","No, antes la usaba y ahora la sigo usando."
11/02/2021 21:08:45,Grado,Ingeniería,Hombre,35-45,0-5 años,Prefiero que los estudiantes se autoorganicen y no estar en ningún grupo de mensajería,"Whatsapp, Telegram, PRADO/SWAD/otra plataforma de aprendizaje específica de la universidad, titulación o departamento",Bots que guarden y recuperen preguntas frecuentes,"No, antes la usaba y ahora la sigo usando."
11/02/2021 22:44:14,"Grado, Máster, Doctorado",Ingeniería,Hombre,35-45,5-15 años,"Un grupo con los estudiantes de mi asignatura, Un grupo para el curso completo (profesores y estudiantes)","PRADO/SWAD/otra plataforma de aprendizaje específica de la universidad, titulación o departamento","Bots-agenda (que avisen p.e. del tiempo que queda para una entrega), Bots que guarden y recuperen preguntas frecuentes, Bots que comuniquen las notas","No, antes la usaba y ahora la sigo usando."
12/02/2021 0:04:28,Grado,Ciencias,Hombre,25-35,5-15 años,Un grupo para el curso completo (profesores y estudiantes),"Telegram, El entorno virtual ","Bots que guarden y recuperen preguntas frecuentes, Bots que te ayuden con el material de clase (por ejemplo, haciendo búsquedas o preguntando)","No, antes la usaba y ahora la sigo usando."
12/02/2021 0:28:13,Grado,Ingeniería,Hombre,25-35,0-5 años,Un grupo para el curso completo (profesores y estudiantes),"Moodle, Teams","Bots-agenda (que avisen p.e. del tiempo que queda para una entrega), Bots que comuniquen las notas","No, antes la usaba y ahora la sigo usando."
12/02/2021 1:43:50,Grado,Ciencias Sociales,Mujer,45-55,15-25 años,Prefiero que los estudiantes se autoorganicen y no estar en ningún grupo de mensajería,"Ninguna, prefiero no usar ningún tipo de mensajería con los estudiantes.","Bots-agenda (que avisen p.e. del tiempo que queda para una entrega), Bots que guarden y recuperen preguntas frecuentes, Bots que te ayuden con el material de clase (por ejemplo, haciendo búsquedas o preguntando)","No, no la usaba antes ni ahora."
12/02/2021 1:57:23,Grado,Ciencias Sociales,Hombre,45-55,15-25 años,"Prefiero que los estudiantes se autoorganicen y no estar en ningún grupo de mensajería, Un grupo para toda la titulación, Facultad o Escuela (profesores y estudiantes)",Whatsapp,Bots que comuniquen las notas,"Sí, he cambiado de plataforma de mensajería a otras más seguras."
12/02/2021 2:31:53,Máster,Ciencias Sociales,Mujer,45-55,5-15 años,Un grupo con los estudiantes de mi asignatura,"PRADO/SWAD/otra plataforma de aprendizaje específica de la universidad, titulación o departamento","Bots que te ayuden con el material de clase (por ejemplo, haciendo búsquedas o preguntando)","No, antes la usaba y ahora la sigo usando."
12/02/2021 9:15:34,"Grado, Máster, Doctorado",Ingeniería,Hombre,Más de 55,más de 25 años,Un grupo con los estudiantes de mi asignatura,"PRADO/SWAD/otra plataforma de aprendizaje específica de la universidad, titulación o departamento, Correo institucional","Bots-agenda (que avisen p.e. del tiempo que queda para una entrega), Bots que guarden y recuperen preguntas frecuentes, Bots que comuniquen las notas, Bots que te ayuden con el material de clase (por ejemplo, haciendo búsquedas o preguntando)","No, antes la usaba y ahora la sigo usando."
12/02/2021 9:58:08,"Grado, Máster, Doctorado",Ingeniería,Hombre,35-45,5-15 años,Prefiero que los estudiantes se autoorganicen y no estar en ningún grupo de mensajería,"Whatsapp, Slack, PRADO/SWAD/otra plataforma de aprendizaje específica de la universidad, titulación o departamento","Bots-agenda (que avisen p.e. del tiempo que queda para una entrega), Bots que guarden y recuperen preguntas frecuentes, Bots que te ayuden con el material de clase (por ejemplo, haciendo búsquedas o preguntando)","No, antes la usaba y ahora la sigo usando."
12/02/2021 10:42:47,Grado,Ciencias,Hombre,25-35,0-5 años,Prefiero que los estudiantes se autoorganicen y no estar en ningún grupo de mensajería,"Whatsapp, Telegram, PRADO/SWAD/otra plataforma de aprendizaje específica de la universidad, titulación o departamento","Bots-agenda (que avisen p.e. del tiempo que queda para una entrega), Bots que guarden y recuperen preguntas frecuentes, Bots que comuniquen las notas","No, antes la usaba y ahora la sigo usando."
12/02/2021 14:49:40,Grado,Ciencias,Hombre,35-45,5-15 años,Prefiero que los estudiantes se autoorganicen y no estar en ningún grupo de mensajería,"PRADO/SWAD/otra plataforma de aprendizaje específica de la universidad, titulación o departamento, Ninguna, prefiero no usar ningún tipo de mensajería con los estudiantes.","Bots-agenda (que avisen p.e. del tiempo que queda para una entrega), Bots que guarden y recuperen preguntas frecuentes, Bots que comuniquen las notas","No, antes la usaba y ahora la sigo usando."
12/02/2021 16:19:59,Grado,Ciencias Sociales,Hombre,25-35,0-5 años,Un grupo para el curso completo (profesores y estudiantes),"PRADO/SWAD/otra plataforma de aprendizaje específica de la universidad, titulación o departamento","Bots que te ayuden con el material de clase (por ejemplo, haciendo búsquedas o preguntando)","No, antes la usaba y ahora la sigo usando."
12/02/2021 16:47:36,Grado,Ciencias Sociales,Mujer,25-35,5-15 años,Un grupo para el curso completo (profesores y estudiantes),"Discord, Teams de Microsoft","Bots-agenda (que avisen p.e. del tiempo que queda para una entrega), Bots que guarden y recuperen preguntas frecuentes, Bots que te ayuden con el material de clase (por ejemplo, haciendo búsquedas o preguntando)","Sí, he cambiado de plataforma de mensajería a otras más seguras."
12/02/2021 16:59:17,Máster,Ciencias,Hombre,Más de 55,15-25 años,Un grupo con los estudiantes de mi asignatura,"PRADO/SWAD/otra plataforma de aprendizaje específica de la universidad, titulación o departamento, teams","Bots-agenda (que avisen p.e. del tiempo que queda para una entrega), Bots que guarden y recuperen preguntas frecuentes, Bots que comuniquen las notas, Bots que te ayuden con el material de clase (por ejemplo, haciendo búsquedas o preguntando)","No, antes la usaba y ahora la sigo usando."
12/02/2021 23:41:42,Grado,Ciencias Sociales,Mujer,45-55,15-25 años,Un grupo para el curso completo (profesores y estudiantes),"Whatsapp, Telegram","Bots que te ayuden con el material de clase (por ejemplo, haciendo búsquedas o preguntando)","Sí, he cambiado de plataforma de mensajería a otras más seguras."
13/02/2021 19:34:16,Grado,Ingeniería,Hombre,45-55,15-25 años,Prefiero que los estudiantes se autoorganicen y no estar en ningún grupo de mensajería,"PRADO/SWAD/otra plataforma de aprendizaje específica de la universidad, titulación o departamento","Bots que te ayuden con el material de clase (por ejemplo, haciendo búsquedas o preguntando)","Sí, antes no usaba ningún tipo de plataforma de mensajería y ahora sí la uso."
15/02/2021 1:40:15,Máster,Ciencias Sociales,Hombre,45-55,más de 25 años,Un grupo para el curso completo (profesores y estudiantes),"Whatsapp, Teams, Plataforma Moodle de la UNED","Bots-agenda (que avisen p.e. del tiempo que queda para una entrega), Bots que guarden y recuperen preguntas frecuentes, Bots que comuniquen las notas, Bots que te ayuden con el material de clase (por ejemplo, haciendo búsquedas o preguntando)","No, antes la usaba y ahora la sigo usando."
15/02/2021 10:24:25,"Grado, Máster, Doctorado",Ciencias Sociales,Hombre,45-55,15-25 años,Un grupo para el curso completo (profesores y estudiantes),"PRADO/SWAD/otra plataforma de aprendizaje específica de la universidad, titulación o departamento",Bots que comuniquen las notas,"Sí, he cambiado de plataforma de mensajería a otras más seguras."
15/02/2021 10:26:06,Grado,Ciencias Sociales,Mujer,25-35,0-5 años,Un grupo con los estudiantes de mi asignatura,"Telegram, PRADO/SWAD/otra plataforma de aprendizaje específica de la universidad, titulación o departamento","Bots-agenda (que avisen p.e. del tiempo que queda para una entrega), Bots que guarden y recuperen preguntas frecuentes, Bots que comuniquen las notas, Bots que te ayuden con el material de clase (por ejemplo, haciendo búsquedas o preguntando)","Sí, he cambiado de plataforma de mensajería a otras más seguras."
15/02/2021 10:28:32,Grado,Humanidades,Mujer,25-35,0-5 años,"Un grupo con los estudiantes de mi asignatura, Un grupo para el curso completo (profesores y estudiantes)","Telegram, PRADO/SWAD/otra plataforma de aprendizaje específica de la universidad, titulación o departamento","Bots-agenda (que avisen p.e. del tiempo que queda para una entrega), Bots que guarden y recuperen preguntas frecuentes, Bots que te ayuden con el material de clase (por ejemplo, haciendo búsquedas o preguntando)","Sí, he cambiado de plataforma de mensajería a otras más seguras."
15/02/2021 10:32:54,Grado,Ciencias Sociales,Mujer,25-35,0-5 años,Un grupo con los estudiantes de mi asignatura,"Whatsapp, PRADO/SWAD/otra plataforma de aprendizaje específica de la universidad, titulación o departamento","Bots-agenda (que avisen p.e. del tiempo que queda para una entrega), Bots que guarden y recuperen preguntas frecuentes, Bots que comuniquen las notas, Bots que te ayuden con el material de clase (por ejemplo, haciendo búsquedas o preguntando)","Sí, antes no usaba ningún tipo de plataforma de mensajería y ahora sí la uso."
15/02/2021 10:59:41,Grado,Ingeniería,Hombre,25-35,0-5 años,Prefiero que los estudiantes se autoorganicen y no estar en ningún grupo de mensajería,Whatsapp,"Bots que guarden y recuperen preguntas frecuentes, Bots que comuniquen las notas","No, no la usaba antes ni ahora."
15/02/2021 11:50:01,"Grado, Títulos propios",Ingeniería,Hombre,25-35,5-15 años,Prefiero que los estudiantes se autoorganicen y no estar en ningún grupo de mensajería,"Whatsapp, Telegram, Discord","Bots-agenda (que avisen p.e. del tiempo que queda para una entrega), Bots que guarden y recuperen preguntas frecuentes, Bots que comuniquen las notas","No, no la usaba antes ni ahora."
15/02/2021 12:25:12,Grado,Ciencias,Mujer,Más de 55,más de 25 años,Un grupo con los estudiantes de mi asignatura,Whatsapp,Bots-agenda (que avisen p.e. del tiempo que queda para una entrega),"Sí, he cambiado de plataforma de mensajería a otras más seguras."
15/02/2021 13:16:37,"Grado, Máster, Doctorado",Biosanitaria,Mujer,25-35,0-5 años,"Un grupo con los estudiantes de mi asignatura, Un grupo para el curso completo (profesores y estudiantes)","Whatsapp, Slack, PRADO/SWAD/otra plataforma de aprendizaje específica de la universidad, titulación o departamento","Bots-agenda (que avisen p.e. del tiempo que queda para una entrega), Bots que guarden y recuperen preguntas frecuentes","Sí, he cambiado de plataforma de mensajería a otras más seguras."
15/02/2021 16:19:38,"Grado, Máster",Ciencias Sociales,Hombre,45-55,más de 25 años,Un grupo con los estudiantes de mi asignatura,"Whatsapp, Telegram","Bots-agenda (que avisen p.e. del tiempo que queda para una entrega), Bots que guarden y recuperen preguntas frecuentes, Bots que comuniquen las notas, Bots que te ayuden con el material de clase (por ejemplo, haciendo búsquedas o preguntando)","No, antes la usaba y ahora la sigo usando."
15/02/2021 19:33:48,"Grado, Máster, Doctorado",Biosanitaria,Hombre,35-45,5-15 años,Un grupo con los estudiantes de mi asignatura,"Whatsapp, PRADO/SWAD/otra plataforma de aprendizaje específica de la universidad, titulación o departamento","Bots-agenda (que avisen p.e. del tiempo que queda para una entrega), Bots que guarden y recuperen preguntas frecuentes, Bots que comuniquen las notas, Bots que te ayuden con el material de clase (por ejemplo, haciendo búsquedas o preguntando)","No, antes la usaba y ahora la sigo usando."
15/02/2021 19:46:46,Grado,Ciencias,Mujer,25-35,0-5 años,"Un grupo con los estudiantes de mi asignatura, Prefiero que los estudiantes se autoorganicen y no estar en ningún grupo de mensajería",Whatsapp,"Bots-agenda (que avisen p.e. del tiempo que queda para una entrega), Bots que comuniquen las notas","No, antes la usaba y ahora la sigo usando."
15/02/2021 19:59:28,Grado,Ingeniería,Hombre,25-35,0-5 años,Prefiero que los estudiantes se autoorganicen y no estar en ningún grupo de mensajería,"PRADO/SWAD/otra plataforma de aprendizaje específica de la universidad, titulación o departamento","Bots-agenda (que avisen p.e. del tiempo que queda para una entrega), Bots que guarden y recuperen preguntas frecuentes, Bots que comuniquen las notas, Bots que te ayuden con el material de clase (por ejemplo, haciendo búsquedas o preguntando)","No, antes la usaba y ahora la sigo usando."
15/02/2021 19:59:29,Grado,Ingeniería,Prefiero no decirlo,25-35,0-5 años,Un grupo con los estudiantes de mi asignatura,"PRADO/SWAD/otra plataforma de aprendizaje específica de la universidad, titulación o departamento","Bots que guarden y recuperen preguntas frecuentes, Bots que te ayuden con el material de clase (por ejemplo, haciendo búsquedas o preguntando)","Sí, antes no usaba ningún tipo de plataforma de mensajería y ahora sí la uso."
15/02/2021 20:21:55,"Grado, Títulos propios",Ciencias Sociales,Mujer,35-45,0-5 años,Prefiero que los estudiantes se autoorganicen y no estar en ningún grupo de mensajería,"Whatsapp, PRADO/SWAD/otra plataforma de aprendizaje específica de la universidad, titulación o departamento","Bots-agenda (que avisen p.e. del tiempo que queda para una entrega), Bots que guarden y recuperen preguntas frecuentes, Bots que comuniquen las notas, Bots que te ayuden con el material de clase (por ejemplo, haciendo búsquedas o preguntando)","No, antes la usaba y ahora la sigo usando."
15/02/2021 20:34:09,"Grado, Máster, Doctorado, Aula de Mayores/Extensión Universitaria",Humanidades,Hombre,45-55,más de 25 años,Prefiero que los estudiantes se autoorganicen y no estar en ningún grupo de mensajería,"PRADO/SWAD/otra plataforma de aprendizaje específica de la universidad, titulación o departamento","Bots-agenda (que avisen p.e. del tiempo que queda para una entrega), Bots que guarden y recuperen preguntas frecuentes, Bots que comuniquen las notas, Bots que te ayuden con el material de clase (por ejemplo, haciendo búsquedas o preguntando)","Antes la usaba, pero ahora muchísimo más"
15/02/2021 20:41:13,"Grado, Máster, Títulos propios, Aula de Mayores/Extensión Universitaria",Biosanitaria,Mujer,45-55,5-15 años,Prefiero que los estudiantes se autoorganicen y no estar en ningún grupo de mensajería,"Whatsapp, Telegram, PRADO/SWAD/otra plataforma de aprendizaje específica de la universidad, titulación o departamento",Ni idea de usar bots,"Sí, he cambiado de plataforma de mensajería a otras más seguras."
15/02/2021 21:20:03,"Grado, Máster, Doctorado",Ingeniería,Hombre,45-55,15-25 años,Prefiero que los estudiantes se autoorganicen y no estar en ningún grupo de mensajería,"Telegram, PRADO/SWAD/otra plataforma de aprendizaje específica de la universidad, titulación o departamento","Bots-agenda (que avisen p.e. del tiempo que queda para una entrega), Bots que guarden y recuperen preguntas frecuentes, Bots que te ayuden con el material de clase (por ejemplo, haciendo búsquedas o preguntando)","No, antes la usaba y ahora la sigo usando."
16/02/2021 0:01:24,Grado,Ciencias Sociales,Hombre,25-35,0-5 años,Prefiero que los estudiantes se autoorganicen y no estar en ningún grupo de mensajería,"PRADO/SWAD/otra plataforma de aprendizaje específica de la universidad, titulación o departamento","Bots que guarden y recuperen preguntas frecuentes, Bots que te ayuden con el material de clase (por ejemplo, haciendo búsquedas o preguntando)","Sí, antes no usaba ningún tipo de plataforma de mensajería y ahora sí la uso."
16/02/2021 0:47:16,"Grado, Máster",Ciencias Sociales,Hombre,35-45,5-15 años,Un grupo con los estudiantes de mi asignatura,"Whatsapp, Telegram, PRADO/SWAD/otra plataforma de aprendizaje específica de la universidad, titulación o departamento",Bots-agenda (que avisen p.e. del tiempo que queda para una entrega),"Sí, he cambiado de plataforma de mensajería a otras más seguras."
16/02/2021 7:57:47,Grado,Ciencias Sociales,Mujer,45-55,15-25 años,Un grupo con los estudiantes de mi asignatura,"PRADO/SWAD/otra plataforma de aprendizaje específica de la universidad, titulación o departamento",Bots que comuniquen las notas,"No, no la usaba antes ni ahora."
16/02/2021 8:35:32,Grado,Ciencias,Hombre,35-45,0-5 años,Un grupo con los estudiantes de mi asignatura,"PRADO/SWAD/otra plataforma de aprendizaje específica de la universidad, titulación o departamento",Bots que guarden y recuperen preguntas frecuentes,"No, antes la usaba y ahora la sigo usando."
16/02/2021 9:16:25,"Grado, Máster, Doctorado, Títulos propios",Ingeniería,Hombre,Más de 55,15-25 años,Un grupo para el curso completo (profesores y estudiantes),"Whatsapp, PRADO/SWAD/otra plataforma de aprendizaje específica de la universidad, titulación o departamento",Bots que guarden y recuperen preguntas frecuentes,"No, antes la usaba y ahora la sigo usando."
16/02/2021 9:21:31,"Grado, Máster",Ciencias Sociales,Hombre,35-45,0-5 años,Un grupo con los estudiantes de mi asignatura,"PRADO/SWAD/otra plataforma de aprendizaje específica de la universidad, titulación o departamento","Bots-agenda (que avisen p.e. del tiempo que queda para una entrega), Bots que guarden y recuperen preguntas frecuentes, Bots que te ayuden con el material de clase (por ejemplo, haciendo búsquedas o preguntando)","No, antes la usaba y ahora la sigo usando."
16/02/2021 9:21:58,"Grado, Máster",Ingeniería,Hombre,Más de 55,más de 25 años,Un grupo para el curso completo (profesores y estudiantes),"PRADO/SWAD/otra plataforma de aprendizaje específica de la universidad, titulación o departamento, clientes de email","Bots-agenda (que avisen p.e. del tiempo que queda para una entrega), Bots que comuniquen las notas, Bots que te ayuden con el material de clase (por ejemplo, haciendo búsquedas o preguntando)","No, antes la usaba y ahora la sigo usando."
16/02/2021 9:25:48,"Grado, Máster",Ciencias Sociales,Mujer,25-35,0-5 años,Un grupo con los estudiantes de mi asignatura,"Whatsapp, PRADO/SWAD/otra plataforma de aprendizaje específica de la universidad, titulación o departamento","Bots-agenda (que avisen p.e. del tiempo que queda para una entrega), Bots que comuniquen las notas","No, antes la usaba y ahora la sigo usando."
16/02/2021 9:27:54,"Grado, Máster, Doctorado",Ingeniería,Mujer,45-55,más de 25 años,Un grupo con los estudiantes de mi asignatura,"PRADO/SWAD/otra plataforma de aprendizaje específica de la universidad, titulación o departamento",NO LO SÉ,SIGO USANDO PRADO IGUAL QUE ANTES
16/02/2021 9:28:07,Grado,Ingeniería,Hombre,45-55,15-25 años,Un grupo para el curso completo (profesores y estudiantes),"PRADO/SWAD/otra plataforma de aprendizaje específica de la universidad, titulación o departamento","Bots-agenda (que avisen p.e. del tiempo que queda para una entrega), Bots que guarden y recuperen preguntas frecuentes, Bots que comuniquen las notas","Sí, antes no usaba ningún tipo de plataforma de mensajería y ahora sí la uso."
16/02/2021 9:32:27,Grado,Ingeniería,Hombre,25-35,0-5 años,Un grupo con los estudiantes de mi asignatura,"Telegram, PRADO/SWAD/otra plataforma de aprendizaje específica de la universidad, titulación o departamento","Bots-agenda (que avisen p.e. del tiempo que queda para una entrega), Bots que guarden y recuperen preguntas frecuentes, Bots que comuniquen las notas, Bots que te ayuden con el material de clase (por ejemplo, haciendo búsquedas o preguntando)","No, antes la usaba y ahora la sigo usando."
16/02/2021 10:05:33,Grado,Biosanitaria,Mujer,25-35,0-5 años,Un grupo con los estudiantes de mi asignatura,"Whatsapp, Telegram, PRADO/SWAD/otra plataforma de aprendizaje específica de la universidad, titulación o departamento",Bots-agenda (que avisen p.e. del tiempo que queda para una entrega),"Sí, antes no usaba ningún tipo de plataforma de mensajería y ahora sí la uso."
16/02/2021 10:08:18,"Grado, Máster, Doctorado",Biosanitaria,Hombre,45-55,15-25 años,Un grupo con los estudiantes de mi asignatura,A través del Campus virtual de las asignaturas,"Bots que te ayuden con el material de clase (por ejemplo, haciendo búsquedas o preguntando)","No, antes la usaba y ahora la sigo usando."
16/02/2021 10:08:56,"Grado, Máster",Ciencias,Mujer,45-55,15-25 años,Un grupo con los estudiantes de mi asignatura,Whatsapp,"Bots-agenda (que avisen p.e. del tiempo que queda para una entrega), Bots que comuniquen las notas","Sí, antes no usaba ningún tipo de plataforma de mensajería y ahora sí la uso."
16/02/2021 10:13:53,"Grado, Máster",Biosanitaria,Mujer,35-45,0-5 años,Un grupo con los estudiantes de mi asignatura,"Whatsapp, GroupMe","Bots-agenda (que avisen p.e. del tiempo que queda para una entrega), Bots que guarden y recuperen preguntas frecuentes","Sí, antes no usaba ningún tipo de plataforma de mensajería y ahora sí la uso."
16/02/2021 10:15:00,Grado,Ciencias,Hombre,45-55,0-5 años,Un grupo con los estudiantes de mi asignatura,Whatsapp,"Bots-agenda (que avisen p.e. del tiempo que queda para una entrega), Bots que guarden y recuperen preguntas frecuentes","Sí, antes no usaba ningún tipo de plataforma de mensajería y ahora sí la uso."
16/02/2021 10:25:35,"Grado, Máster, Doctorado",Biosanitaria,Mujer,35-45,5-15 años,Prefiero que los estudiantes se autoorganicen y no estar en ningún grupo de mensajería,"Ninguna, prefiero no usar ningún tipo de mensajería con los estudiantes.",Bots-agenda (que avisen p.e. del tiempo que queda para una entrega),"No, no la usaba antes ni ahora."
16/02/2021 10:43:03,Grado,Ciencias,Hombre,Más de 55,más de 25 años,Un grupo para el curso completo (profesores y estudiantes),Campus virtual,"Ninguno. No necesito una máquina que haga mi trabajo. Aparte, yo doy clase presencial todos los días y soy capaz d econtestar en persona a todas las cuestiones que surjan. Y me paso 12 horas diarias en la Facultad, así que estoy siempre disponible","No, antes la usaba y ahora la sigo usando."
16/02/2021 10:58:30,Grado,Ciencias,Mujer,25-35,0-5 años,Un grupo con los estudiantes de mi asignatura,"PRADO/SWAD/otra plataforma de aprendizaje específica de la universidad, titulación o departamento","Bots-agenda (que avisen p.e. del tiempo que queda para una entrega), Bots que guarden y recuperen preguntas frecuentes, Bots que comuniquen las notas","No, antes la usaba y ahora la sigo usando."
16/02/2021 12:19:05,"Grado, Máster",Biosanitaria,Mujer,45-55,15-25 años,Un grupo con los estudiantes de mi asignatura,campus virtual,"Bots que te ayuden con el material de clase (por ejemplo, haciendo búsquedas o preguntando)","Sí, antes no usaba ningún tipo de plataforma de mensajería y ahora sí la uso."
16/02/2021 12:40:12,"Grado, Máster, Doctorado",Biosanitaria,Hombre,45-55,5-15 años,Un grupo con los estudiantes de mi asignatura,Whatsapp,"Bots que guarden y recuperen preguntas frecuentes, Bots que te ayuden con el material de clase (por ejemplo, haciendo búsquedas o preguntando), Bots que ayuden en preguntas evaluativas de forma continuada... preguntas de recuerdo de cada tema o área, según se vayan terminando... Preguntas de repaso...","Sí, he cambiado de plataforma de mensajería a otras más seguras."
17/02/2021 8:12:35,"Grado, Máster",Biosanitaria,Hombre,45-55,más de 25 años,Prefiero que los estudiantes se autoorganicen y no estar en ningún grupo de mensajería,"Whatsapp, Twitter mensajes, PRADO/SWAD/otra plataforma de aprendizaje específica de la universidad, titulación o departamento",Ninguno,Un aumento en la frecuencia de uso de la mensajería.
17/02/2021 9:02:32,"Grado, Máster",Biosanitaria,Mujer,35-45,0-5 años,Un grupo con los estudiantes de mi asignatura,Moodle,Bots que guarden y recuperen preguntas frecuentes,"Sí, antes no usaba ningún tipo de plataforma de mensajería y ahora sí la uso."
17/02/2021 9:26:31,"Grado, Máster, Doctorado, Títulos propios",Biosanitaria,Mujer,45-55,15-25 años,Un grupo para el curso completo (profesores y estudiantes),"PRADO/SWAD/otra plataforma de aprendizaje específica de la universidad, titulación o departamento","Bots que guarden y recuperen preguntas frecuentes, Bots que te ayuden con el material de clase (por ejemplo, haciendo búsquedas o preguntando)","No, antes la usaba y ahora la sigo usando."
17/02/2021 9:44:30,"Grado, Máster",Ciencias,Hombre,35-45,5-15 años,Un grupo con los estudiantes de mi asignatura,"Whatsapp, PRADO/SWAD/otra plataforma de aprendizaje específica de la universidad, titulación o departamento","Bots-agenda (que avisen p.e. del tiempo que queda para una entrega), Bots que guarden y recuperen preguntas frecuentes","No, antes la usaba y ahora la sigo usando."
17/02/2021 12:42:25,Grado,Ciencias Sociales,Prefiero no decirlo,35-45,0-5 años,Un grupo con los estudiantes de mi asignatura,"Whatsapp, Telegram, PRADO/SWAD/otra plataforma de aprendizaje específica de la universidad, titulación o departamento","Bots-agenda (que avisen p.e. del tiempo que queda para una entrega), Bots que comuniquen las notas","No, antes la usaba y ahora la sigo usando."
17/02/2021 12:43:45,Grado,Ingeniería,Hombre,25-35,0-5 años,Prefiero que los estudiantes se autoorganicen y no estar en ningún grupo de mensajería,"PRADO/SWAD/otra plataforma de aprendizaje específica de la universidad, titulación o departamento","Bots-agenda (que avisen p.e. del tiempo que queda para una entrega), Bots que guarden y recuperen preguntas frecuentes","No, antes la usaba y ahora la sigo usando."
17/02/2021 13:28:30,"Grado, Máster, Doctorado",Biosanitaria,Hombre,Más de 55,más de 25 años,Un grupo con los estudiantes de mi asignatura,"Whatsapp, PRADO/SWAD/otra plataforma de aprendizaje específica de la universidad, titulación o departamento","Bots que guarden y recuperen preguntas frecuentes, Bots que comuniquen las notas, Bots que te ayuden con el material de clase (por ejemplo, haciendo búsquedas o preguntando)","Sí, he cambiado de plataforma de mensajería a otras más seguras."
17/02/2021 14:47:39,"Grado, Máster, Doctorado",Biosanitaria,Mujer,35-45,5-15 años,Un grupo con los estudiantes de mi asignatura,"Ninguna, prefiero no usar ningún tipo de mensajería con los estudiantes.",--,"No, no la usaba antes ni ahora."
17/02/2021 16:26:42,Grado,Ciencias Sociales,Mujer,35-45,5-15 años,Prefiero que los estudiantes se autoorganicen y no estar en ningún grupo de mensajería,Whatsapp,"Bots que te ayuden con el material de clase (por ejemplo, haciendo búsquedas o preguntando)","Sí, antes no usaba ningún tipo de plataforma de mensajería y ahora sí la uso."
17/02/2021 18:13:20,"Grado, Máster",Ciencias Sociales,Hombre,35-45,15-25 años,Un grupo con los estudiantes de mi asignatura,"PRADO/SWAD/otra plataforma de aprendizaje específica de la universidad, titulación o departamento","Bots-agenda (que avisen p.e. del tiempo que queda para una entrega), Bots que guarden y recuperen preguntas frecuentes, Bots que te ayuden con el material de clase (por ejemplo, haciendo búsquedas o preguntando)","Sí, he cambiado de plataforma de mensajería a otras más seguras."
18/02/2021 11:23:16,Grado,Biosanitaria,Mujer,Más de 55,más de 25 años,Un grupo con los estudiantes de mi asignatura,"PRADO/SWAD/otra plataforma de aprendizaje específica de la universidad, titulación o departamento",Bots que guarden y recuperen preguntas frecuentes,"No, antes la usaba y ahora la sigo usando."
20/02/2021 20:18:23,Grado,Ciencias Sociales,Hombre,35-45,5-15 años,Un grupo con los estudiantes de mi asignatura,"Whatsapp, Telegram, LinkedIn","Bots-agenda (que avisen p.e. del tiempo que queda para una entrega), Bots que guarden y recuperen preguntas frecuentes, Bots que comuniquen las notas, Bots que te ayuden con el material de clase (por ejemplo, haciendo búsquedas o preguntando)","Sí, he cambiado de plataforma de mensajería a otras más seguras."
20/02/2021 22:15:11,Grado,Ciencias,Hombre,35-45,0-5 años,Un grupo con los estudiantes de mi asignatura,"Ninguna, prefiero no usar ningún tipo de mensajería con los estudiantes.","Bots que te ayuden con el material de clase (por ejemplo, haciendo búsquedas o preguntando)","No, no la usaba antes ni ahora."
21/02/2021 11:40:07,Grado,Ciencias,Mujer,25-35,0-5 años,Un grupo con los estudiantes de mi asignatura,"PRADO/SWAD/otra plataforma de aprendizaje específica de la universidad, titulación o departamento","Bots que te ayuden con el material de clase (por ejemplo, haciendo búsquedas o preguntando)","Sí, antes no usaba ningún tipo de plataforma de mensajería y ahora sí la uso."
23/02/2021 20:40:20,"Grado, Máster",Ingeniería,Hombre,45-55,más de 25 años,Un grupo con los estudiantes de mi asignatura,"Whatsapp, Telegram","Bots-agenda (que avisen p.e. del tiempo que queda para una entrega), Bots que guarden y recuperen preguntas frecuentes, Bots que comuniquen las notas, Bots que te ayuden con el material de clase (por ejemplo, haciendo búsquedas o preguntando)","No, antes la usaba y ahora la sigo usando."
24/02/2021 9:38:38,"Grado, Máster",Ingeniería,Hombre,45-55,más de 25 años,"Un grupo con los estudiantes de mi asignatura, Un grupo para el curso completo (profesores y estudiantes)","PRADO/SWAD/otra plataforma de aprendizaje específica de la universidad, titulación o departamento","Bots-agenda (que avisen p.e. del tiempo que queda para una entrega), Bots que guarden y recuperen preguntas frecuentes, Bots que comuniquen las notas, Bots que te ayuden con el material de clase (por ejemplo, haciendo búsquedas o preguntando)","No, antes la usaba y ahora la sigo usando."
24/02/2021 10:11:08,Grado,Ingeniería,Hombre,Más de 55,más de 25 años,Un grupo con los estudiantes de mi asignatura,"PRADO/SWAD/otra plataforma de aprendizaje específica de la universidad, titulación o departamento","Bots-agenda (que avisen p.e. del tiempo que queda para una entrega), Bots que comuniquen las notas","No, antes la usaba y ahora la sigo usando."
1/03/2021 22:46:29,"Grado, Máster, Títulos propios",Ingeniería,Hombre,35-45,15-25 años,Prefiero que los estudiantes se autoorganicen y no estar en ningún grupo de mensajería,"Telegram, PRADO/SWAD/otra plataforma de aprendizaje específica de la universidad, titulación o departamento","Bots-agenda (que avisen p.e. del tiempo que queda para una entrega), Bots que guarden y recuperen preguntas frecuentes, Bots que te ayuden con el material de clase (por ejemplo, haciendo búsquedas o preguntando), Para obtener feedback del estudiantado sobre la marcha de la asignatura.",La usaba y uso de vez en cuando para consultas/tutorías.
2/03/2021 9:37:44,"Grado, Máster, Doctorado",Ingeniería,Hombre,45-55,15-25 años,Un grupo para el curso completo (profesores y estudiantes),Foro de la asignatura en Moodle,"Bots que te ayuden con el material de clase (por ejemplo, haciendo búsquedas o preguntando)","No, antes la usaba y ahora la sigo usando."