Agenda,ClassMaterial,Age,Experience,FAQ,Grades,Gender,"PostCOVID changes","Marca temporal",None,Other,OtherBot,Provided,Sector,Slack,"Messaging Organization",Telegram,Degrees,WhatsApp,Discipline
Yes,Yes,"> 55","> 25 years",Yes,Yes,Male,"No, I did use it before, and use it now","8/02/2021 13:30:30",No,No,No,No,University,No,"A chat with my students in the same course",Yes,"Grado, Máster",No,Engineering
Yes,No,35-45,"16-25 years",Yes,No,"PNTS","No, I did use it before, and use it now","8/02/2021 13:38:20",No,No,No,Yes,University,No,"A chat with my students in the same course",Yes,"Grado, Máster, Doctorado",No,Engineering
Yes,Yes,35-45,"06-15 years",Yes,No,Male,"Yes, I didn't use any messaging app before, but do use it now","8/02/2021 13:46:16",No,No,No,Yes,University,No,"A chat with my students in the same course",Yes,"Grado, Máster, Títulos propios",No,Engineering
Yes,No,45-55,"> 25 years",Yes,Yes,Male,"No, I did use it before, and use it now","8/02/2021 14:04:00",No,No,No,Yes,University,No,"A chat with my students in the same course",No,"Grado, Máster, Doctorado",No,Engineering
No,Yes,45-55,"> 25 years",Yes,No,Male,"No, I did use it before, and use it now","8/02/2021 14:08:46",No,No,No,Yes,University,No,"A chat with my students in the same course",No,Grado,No,Engineering
Yes,Yes,"> 55","> 25 years",Yes,Yes,Male,"No, I did use it before, and use it now","8/02/2021 15:09:08",No,No,No,Yes,University,No,"I'd rather leave students self-organize and not be part of the chat",No,Grado,No,"Social Sciences"
Yes,No,25-35,"0-05 years",No,No,Female,"Yes, I use a safer messaging app now","8/02/2021 15:23:24",No,No,No,Yes,University,No,"I'd rather leave students self-organize and not be part of the chat",No,Grado,Yes,Biomedicine
No,No,45-55,"16-25 years",No,No,Male,"No, I did use it before, and use it now","8/02/2021 15:25:23",No,No,Yes,No,University,No,"A chat with my students in the same course",Yes,"Grado, Máster, Doctorado",No,Engineering
Yes,Yes,35-45,"16-25 years",Yes,Yes,Male,"No, I didn't use it before, and don't use it now","8/02/2021 15:43:54",No,Yes,No,Yes,University,No,"A chat with my students in the same course",No,"Grado, Máster, Doctorado",No,Engineering
Yes,No,25-35,"0-05 years",Yes,No,Female,"No, I did use it before, and use it now","8/02/2021 16:36:35",No,No,No,Yes,University,No,"A chat with my students in the same course, I'd rather leave students self-organize and not be part of the chat",No,Grado,No,Engineering
Yes,No,35-45,"06-15 years",Yes,No,Female,"Yes, I didn't use any messaging app before, but do use it now","8/02/2021 17:07:57",No,No,No,Yes,University,No,"A chat with my students in the same course",Yes,Grado,Yes,"Social Sciences"
Yes,No,45-55,"16-25 years",No,No,Female,"No, I did use it before, and use it now","8/02/2021 17:34:17",No,No,No,Yes,University,No,"A chat with my students in the same course",Yes,"Grado, Máster",No,Engineering
Yes,No,25-35,"06-15 years",Yes,Yes,Male,"No, I did use it before, and use it now","8/02/2021 17:42:23",No,No,No,Yes,University,No,"A chat with my students in the same course, A chat with all the students and teachers in my Faculty or School, A chat with all students and teachers in the same semester/year",Yes,"Grado, Máster",No,Engineering
Yes,No,"> 55","16-25 years",No,No,"PNTS","No, I did use it before, and use it now","8/02/2021 18:18:38",No,No,No,Yes,University,No,"A chat with my students in the same course",Yes,"Grado, Máster",No,Engineering
No,No,"> 55","> 25 years",Yes,Yes,Female,"No, I did use it before, and use it now","8/02/2021 18:24:38",No,No,No,Yes,University,No,"A chat with my students in the same course",No,"Grado, Máster",Yes,"Social Sciences"
Yes,Yes,"> 55","16-25 years",No,No,Female,"Yes, I use a safer messaging app now","8/02/2021 18:44:11",No,No,No,Yes,University,No,"A chat with my students in the same course",No,"Grado, Máster",No,"Social Sciences"
No,No,"> 55","> 25 years",No,No,Male,"No, I did use it before, and use it now","8/02/2021 19:00:09",No,No,Yes,Yes,University,No,"A chat with my students in the same course, A chat with all students and teachers in the same semester/year",No,"Grado, Máster",Yes,Engineering
Yes,No,45-55,"16-25 years",No,No,Male,"No, I did use it before, and use it now","8/02/2021 19:07:53",No,No,No,No,University,No,"A chat with my students in the same course",Yes,"Grado, Máster, Doctorado, Títulos propios",Yes,Engineering
Yes,No,"> 55","> 25 years",No,No,Male,"No, I did use it before, and use it now","8/02/2021 19:31:17",No,No,No,Yes,University,No,"A chat with my students in the same course",No,Grado,No,Engineering
Yes,Yes,45-55,"> 25 years",No,No,Male,"Yes, I use a safer messaging app now","8/02/2021 19:32:21",No,Yes,No,Yes,University,No,"A chat with my students in the same course",No,"Grado, Máster, Doctorado",No,Engineering
No,No,45-55,"> 25 years",Yes,No,Male,"No, I did use it before, and use it now","8/02/2021 19:49:35",No,No,No,Yes,University,No,"I'd rather leave students self-organize and not be part of the chat",No,"Grado, Máster, Doctorado",No,Engineering
Yes,Yes,45-55,"> 25 years",Yes,No,Male,"Yes, I didn't use any messaging app before, but do use it now","8/02/2021 19:57:10",Yes,No,No,No,University,No,"A chat with my students in the same course",No,"Grado, Máster",No,Engineering
Yes,Yes,45-55,"> 25 years",No,Yes,"PNTS","No, I did use it before, and use it now","8/02/2021 20:12:47",No,No,No,Yes,University,No,"A chat with all students and teachers in the same semester/year",No,"Grado, Máster, Doctorado, Títulos propios",No,Engineering
Yes,No,25-35,"06-15 years",Yes,No,Female,"No, I didn't use it before, and don't use it now","8/02/2021 21:21:56",No,No,No,Yes,University,No,"I'd rather leave students self-organize and not be part of the chat",No,"Grado, Máster",Yes,Engineering
Yes,Yes,35-45,"16-25 years",No,No,Male,"No, I did use it before, and use it now","8/02/2021 21:44:06",No,No,No,Yes,University,No,"A chat with my students in the same course",No,"Grado, Máster",No,Engineering
Yes,No,35-45,"06-15 years",Yes,Yes,Male,"No, I didn't use it before, and don't use it now","8/02/2021 21:53:08",Yes,No,No,No,University,No,"I'd rather leave students self-organize and not be part of the chat",No,Grado,No,Engineering
Yes,No,35-45,"16-25 years",Yes,Yes,Male,"No, I didn't use it before, and don't use it now","8/02/2021 23:33:57",No,No,No,No,University,No,"A chat with my students in the same course",Yes,"Grado, Máster, Doctorado",Yes,Engineering
No,Yes,"> 55","16-25 years",No,No,Female,"No, I did use it before, and use it now","9/02/2021 8:44:51",No,No,No,No,University,No,"A chat with my students in the same course",Yes,"Grado, Máster",Yes,Engineering
Yes,Yes,35-45,"0-05 years",No,No,Female,"No, I did use it before, and use it now","9/02/2021 10:12:33",No,No,No,Yes,University,No,"A chat with my students in the same course",No,Grado,No,Sciences
Yes,Yes,45-55,"16-25 years",Yes,Yes,Male,"No, I did use it before, and use it now","9/02/2021 12:03:26",No,No,No,Yes,University,No,"I'd rather leave students self-organize and not be part of the chat",No,"Grado, Máster",No,Engineering
Yes,No,45-55,"> 25 years",Yes,No,Male,"No, I did use it before, and use it now","9/02/2021 14:59:25",No,Yes,No,Yes,University,No,"A chat with my students in the same course, A chat with all the students and teachers in my Faculty or School, A chat with all students and teachers in the same semester/year",No,Grado,No,Engineering
No,No,45-55,"16-25 years",No,No,Male,"No, I did use it before, and use it now","9/02/2021 15:06:12",No,Yes,Yes,No,University,No,"I'd rather leave students self-organize and not be part of the chat",No,"Grado, Máster",No,Engineering
No,No,35-45,"06-15 years",Yes,No,Male,"No, I didn't use it before, and don't use it now","9/02/2021 15:09:03",Yes,No,No,No,University,No,"I'd rather leave students self-organize and not be part of the chat",No,"Grado, Máster",Yes,Engineering
No,No,45-55,"06-15 years",No,No,Male,"Yes, I use a safer messaging app now","9/02/2021 15:13:43",No,Yes,Yes,Yes,University,No,"A chat with my students in the same course, A chat with all the students and teachers in my Faculty or School",No,Grado,No,Engineering
No,No,25-35,"06-15 years",No,No,Female,"Yes, I didn't use any messaging app before, but do use it now","9/02/2021 15:13:57",No,Yes,Yes,No,University,No,"A chat with my students in the same course",No,"Grado, Máster, Doctorado, Títulos propios",No,Engineering
Yes,Yes,35-45,"06-15 years",Yes,Yes,Male,"Yes, I didn't use any messaging app before, but do use it now","9/02/2021 15:15:33",No,No,No,No,University,No,"I'd rather leave students self-organize and not be part of the chat",No,"Grado, Máster",Yes,Engineering
No,No,45-55,"16-25 years",No,No,Male,"No, I didn't use it before, and don't use it now","9/02/2021 15:43:18",Yes,No,Yes,No,University,No,"I'd rather leave students self-organize and not be part of the chat",No,Grado,No,Engineering
Yes,No,35-45,"06-15 years",Yes,No,Male,"No, I did use it before, and use it now","9/02/2021 16:06:33",No,Yes,No,No,University,No,"A chat with my students in the same course",No,"Grado, Máster",No,Engineering
Yes,No,45-55,"16-25 years",Yes,Yes,Male,"Yes, I use a safer messaging app now","9/02/2021 16:28:27",No,No,No,Yes,University,No,"A chat with all students and teachers in the same semester/year",No,"Grado, Doctorado",No,Engineering
Yes,No,25-35,"06-15 years",No,No,Female,"No, I didn't use it before, and don't use it now","9/02/2021 16:32:35",Yes,No,No,No,University,No,"I'd rather leave students self-organize and not be part of the chat",No,"Grado, Máster, Títulos propios",No,Engineering
Yes,Yes,35-45,"06-15 years",Yes,Yes,Male,"No, I didn't use it before, and don't use it now","9/02/2021 17:38:40",No,No,No,No,University,No,"A chat with all the students and teachers in my Faculty or School",No,Grado,Yes,Engineering
Yes,No,25-35,"0-05 years",Yes,Yes,Male,"No, I did use it before, and use it now","9/02/2021 18:19:45",No,No,No,Yes,University,No,"A chat with my students in the same course, A chat with all students and teachers in the same semester/year",No,Grado,No,Engineering
No,No,45-55,"06-15 years",No,No,Male,"No, I did use it before, and use it now","9/02/2021 18:53:17",No,Yes,Yes,No,University,No,"A chat with my students in the same course",No,Grado,No,Engineering
Yes,Yes,25-35,"06-15 years",No,No,Male,"No, I did use it before, and use it now","9/02/2021 19:14:35",Yes,No,No,No,University,No,"A chat with my students in the same course, A chat with all students and teachers in the same semester/year",No,Grado,No,Sciences
Yes,No,25-35,"0-05 years",Yes,Yes,Female,"Yes, I use a safer messaging app now","9/02/2021 19:19:42",No,Yes,No,No,University,No,"A chat with my students in the same course, A chat with all the students and teachers in my Faculty or School",No,Máster,No,Engineering
No,Yes,45-55,"16-25 years",No,No,Male,"No, I did use it before, and use it now","9/02/2021 20:01:36",No,Yes,No,No,University,No,"A chat with my students in the same course",No,Máster,No,Engineering
Yes,No,45-55,"0-05 years",No,Yes,Male,"No, I did use it before, and use it now","9/02/2021 20:16:10",No,No,No,Yes,University,No,"A chat with my students in the same course",No,Grado,No,Engineering
Yes,Yes,35-45,"16-25 years",Yes,No,Female,"Yes, I didn't use any messaging app before, but do use it now","9/02/2021 20:16:43",No,No,No,Yes,University,No,"A chat with my students in the same course",No,Doctorado,No,Engineering
Yes,No,35-45,"06-15 years",No,No,Female,"Yes, I didn't use any messaging app before, but do use it now","9/02/2021 20:27:14",No,No,No,No,University,No,"A chat with my students in the same course, A chat with all students and teachers in the same semester/year",No,Grado,Yes,Engineering
Yes,Yes,25-35,"06-15 years",Yes,No,Male,"Antes solía emplear el foro de Moodle y ahora también uso Teams ","9/02/2021 20:27:23",No,Yes,No,No,University,No,"A chat with my students in the same course",No,Grado,No,Engineering
Yes,No,45-55,"0-05 years",No,No,Female,"Yes, I didn't use any messaging app before, but do use it now","9/02/2021 20:50:35",No,No,No,No,University,No,"A chat with my students in the same course",No,Grado,Yes,"Social Sciences"
No,No,45-55,"16-25 years",No,Yes,Female,"No, I did use it before, and use it now","9/02/2021 20:51:13",No,Yes,No,No,University,No,"A chat with my students in the same course, A chat with all the students and teachers in my Faculty or School",Yes,"Grado, Máster, Títulos propios",No,Engineering
Yes,Yes,35-45,"16-25 years",No,No,Female,"Yes, I didn't use any messaging app before, but do use it now","9/02/2021 20:51:30",Yes,No,No,No,University,No,"I'd rather leave students self-organize and not be part of the chat",No,Máster,No,Sciences
Yes,Yes,25-35,"06-15 years",No,No,Female,"No, I did use it before, and use it now","9/02/2021 21:04:34",No,Yes,Yes,No,University,No,"A chat with my students in the same course",No,Grado,No,Engineering
No,Yes,25-35,"0-05 years",No,No,Female,"No, I did use it before, and use it now","9/02/2021 21:15:44",No,No,No,No,University,No,"A chat with my students in the same course",No,Grado,Yes,Engineering
No,Yes,35-45,"16-25 years",Yes,Yes,Male,"No, I did use it before, and use it now","9/02/2021 22:00:50",No,Yes,No,No,University,No,"I'd rather leave students self-organize and not be part of the chat",No,"Grado, Máster",Yes,Engineering
No,No,35-45,"0-05 years",No,Yes,Male,"Yes, I didn't use any messaging app before, but do use it now","9/02/2021 22:15:38",No,No,No,No,University,No,"A chat with my students in the same course",No,Grado,Yes,Engineering
Yes,No,35-45,"06-15 years",Yes,Yes,Female,"Yes, I didn't use any messaging app before, but do use it now","10/02/2021 6:10:32",No,No,No,Yes,University,No,"A chat with my students in the same course",Yes,"Grado, Máster, Doctorado",Yes,"Social Sciences"
Yes,Yes,45-55,"> 25 years",Yes,No,Male,"No, I didn't use it before, and don't use it now","10/02/2021 9:06:54",Yes,No,No,No,University,No,"A chat with my students in the same course",No,"Grado, Máster, Doctorado, Títulos propios",No,"Social Sciences"
Yes,No,45-55,"16-25 years",No,Yes,Male,"No, I did use it before, and use it now","10/02/2021 9:14:01",No,No,No,Yes,University,No,"I'd rather leave students self-organize and not be part of the chat",No,"Grado, Máster, Títulos propios",No,"Social Sciences"
No,No,45-55,"> 25 years",Yes,No,Female,"No, I did use it before, and use it now","10/02/2021 11:09:13",No,No,No,Yes,University,No,"A chat with my students in the same course",No,Grado,No,Sciences
Yes,No,35-45,"16-25 years",No,Yes,Male,"Yes, I didn't use any messaging app before, but do use it now","10/02/2021 11:14:52",No,No,No,Yes,University,No,"A chat with my students in the same course",Yes,"Grado, Máster",Yes,Engineering
No,No,25-35,"0-05 years",No,No,Male,"No, I did use it before, and use it now","10/02/2021 11:15:11",No,No,Yes,Yes,University,No,"A chat with my students in the same course, I'd rather leave students self-organize and not be part of the chat",Yes,Grado,Yes,Engineering
Yes,No,25-35,"0-05 years",No,Yes,Male,"Yes, I use a safer messaging app now","10/02/2021 11:20:58",No,Yes,No,Yes,University,No,"A chat with my students in the same course",Yes,Grado,No,Engineering
No,No,45-55,"16-25 years",No,No,Female,"No, I did use it before, and use it now","10/02/2021 11:21:07",No,No,Yes,Yes,University,No,"A chat with my students in the same course",No,"Grado, Máster",No,Engineering
No,No,45-55,"> 25 years",Yes,No,Male,"Yes, I use a safer messaging app now","10/02/2021 11:22:26",No,No,No,Yes,University,No,"A chat with my students in the same course",No,Grado,No,Engineering
No,No,35-45,"06-15 years",Yes,Yes,Male,"No, I didn't use it before, and don't use it now","10/02/2021 11:25:19",No,No,No,Yes,University,No,"I'd rather leave students self-organize and not be part of the chat",No,"Grado, Máster, Doctorado",No,Engineering
Yes,Yes,35-45,"0-05 years",Yes,Yes,Male,"No, I didn't use it before, and don't use it now","10/02/2021 11:27:17",No,No,No,No,University,No,"I'd rather leave students self-organize and not be part of the chat",No,"Grado, Máster",Yes,Engineering
No,Yes,35-45,"06-15 years",No,No,Male,"No, I did use it before, and use it now","10/02/2021 11:36:06",No,No,No,Yes,University,No,"A chat with all students and teachers in the same semester/year",No,"Grado, Máster, Doctorado, Títulos propios",No,Engineering
Yes,No,25-35,"0-05 years",Yes,Yes,Male,"No, I did use it before, and use it now","10/02/2021 11:43:14",No,No,No,No,University,Yes,"I'd rather leave students self-organize and not be part of the chat",No,Grado,Yes,Engineering
Yes,Yes,35-45,"06-15 years",Yes,Yes,Male,"No, I did use it before, and use it now","10/02/2021 11:44:40",No,No,No,Yes,University,No,"A chat with my students in the same course",No,"Grado, Máster",No,Engineering
No,No,"> 55","> 25 years",No,No,Male,"No, I did use it before, and use it now","10/02/2021 11:44:41",No,No,Yes,Yes,University,No,"A chat with all students and teachers in the same semester/year",No,"Grado, Máster",No,Engineering
No,No,35-45,"0-05 years",Yes,No,Male,"No, I didn't use it before, and don't use it now","10/02/2021 11:48:14",No,No,No,Yes,University,No,"I'd rather leave students self-organize and not be part of the chat",No,"Grado, Máster",Yes,Engineering
No,No,"> 55","> 25 years",No,No,Male,"Yes, I didn't use any messaging app before, but do use it now","10/02/2021 11:56:59",No,No,Yes,Yes,University,No,"I'd rather leave students self-organize and not be part of the chat",No,Grado,Yes,"Social Sciences"
Yes,No,35-45,"16-25 years",Yes,Yes,Male,"No, I did use it before, and use it now","10/02/2021 12:58:48",No,No,No,Yes,University,No,"A chat with my students in the same course, I'd rather leave students self-organize and not be part of the chat",Yes,"Grado, Máster, Doctorado",No,Engineering
Yes,No,45-55,"> 25 years",No,Yes,Male,"No, I didn't use it before, and don't use it now","10/02/2021 13:27:00",Yes,No,No,No,University,No,"I'd rather leave students self-organize and not be part of the chat",No,Grado,No,Humanities
No,No,45-55,"06-15 years",No,Yes,Male,"No, I did use it before, and use it now","10/02/2021 13:35:21",No,No,No,Yes,University,No,"I'd rather leave students self-organize and not be part of the chat",No,"Grado, Máster",No,Engineering
Yes,No,35-45,"06-15 years",Yes,No,Male,"Yes, I didn't use any messaging app before, but do use it now","10/02/2021 13:45:32",No,No,No,No,University,No,"A chat with my students in the same course",Yes,Grado,No,Engineering
No,Yes,35-45,"16-25 years",No,No,Male,"No, I did use it before, and use it now","10/02/2021 13:48:05",No,No,No,No,University,No,"A chat with my students in the same course",Yes,"Grado, Máster, Títulos propios",No,Engineering
Yes,Yes,45-55,"16-25 years",Yes,Yes,Male,"Antes las usabas, pero ahora con mayor frecuencia.","10/02/2021 14:17:45",No,No,Yes,Yes,University,No,"A chat with my students in the same course, A chat with all students and teachers in the same semester/year",Yes,"Grado, Máster",Yes,Sciences
Yes,Yes,45-55,"> 25 years",No,Yes,Female,"No, I did use it before, and use it now","10/02/2021 15:39:56",No,No,No,Yes,University,No,"A chat with my students in the same course",Yes,"Grado, Máster, Doctorado",Yes,Engineering
Yes,No,35-45,"06-15 years",Yes,Yes,Male,"No, I did use it before, and use it now","10/02/2021 15:56:01",No,No,No,Yes,University,No,"A chat with my students in the same course",No,"Grado, Máster",No,Engineering
No,Yes,35-45,"06-15 years",No,No,Female,"Yes, I use a safer messaging app now","10/02/2021 18:37:01",No,No,No,No,University,No,"A chat with my students in the same course",Yes,Doctorado,Yes,Engineering
Yes,No,25-35,"0-05 years",No,No,Female,"Yes, I didn't use any messaging app before, but do use it now","10/02/2021 18:53:54",No,No,No,No,University,No,"A chat with all students and teachers in the same semester/year",No,Grado,Yes,Humanities
No,Yes,45-55,"16-25 years",Yes,Yes,Female,"No, I did use it before, and use it now","10/02/2021 19:05:52",No,No,No,No,University,No,"A chat with all the students and teachers in my Faculty or School, A chat with all students and teachers in the same semester/year",No,"Grado, Máster",Yes,"Social Sciences"
No,No,35-45,"06-15 years",Yes,No,Male,"No, I did use it before, and use it now","10/02/2021 19:22:21",No,No,No,No,University,No,"A chat with my students in the same course",No,Grado,Yes,Sciences
Yes,No,45-55,"> 25 years",No,Yes,Male,"No, I did use it before, and use it now","10/02/2021 19:22:31",No,Yes,No,No,University,No,"A chat with all the students and teachers in my Faculty or School, A chat with all students and teachers in the same semester/year",No,"Grado, Máster",Yes,Sciences
No,Yes,45-55,"06-15 years",No,No,Male,"No, I did use it before, and use it now","10/02/2021 19:24:01",No,No,No,Yes,University,No,"A chat with all students and teachers in the same semester/year",No,Máster,Yes,"Social Sciences"
No,No,45-55,"06-15 years",Yes,No,Female,"Yes, I use a safer messaging app now","10/02/2021 19:24:15",No,Yes,No,No,University,No,"A chat with all the students and teachers in my Faculty or School",No,Grado,Yes,Sciences
Yes,Yes,45-55,"16-25 years",Yes,Yes,Male,"Yes, I use a safer messaging app now","10/02/2021 19:25:16",No,Yes,No,No,University,No,"A chat with my students in the same course, A chat with all students and teachers in the same semester/year",Yes,Grado,Yes,"Social Sciences"
Yes,No,45-55,"16-25 years",No,No,Male,"Yes, I use a safer messaging app now","10/02/2021 19:55:11",No,No,No,No,University,No,"I'd rather leave students self-organize and not be part of the chat",No,Grado,Yes,"Social Sciences"
No,No,35-45,"06-15 years",Yes,Yes,Male,"No, I did use it before, and use it now","10/02/2021 20:13:11",No,No,No,Yes,University,No,"A chat with all students and teachers in the same semester/year",No,Doctorado,No,"Social Sciences"
No,No,45-55,"> 25 years",Yes,No,Female,"No, I did use it before, and use it now","10/02/2021 20:24:25",No,No,No,No,University,No,"A chat with my students in the same course",No,Máster,Yes,"Social Sciences"
No,Yes,"> 55","06-15 years",No,No,Female,"Yes, I didn't use any messaging app before, but do use it now","10/02/2021 20:42:24",No,No,No,Yes,University,No,"A chat with all students and teachers in the same semester/year",No,Grado,No,Humanities
No,Yes,"> 55","06-15 years",Yes,Yes,Male,"No, I did use it before, and use it now","10/02/2021 20:46:44",No,No,No,No,University,No,"A chat with my students in the same course",No,"Grado, Máster",Yes,Sciences
Yes,Yes,25-35,"06-15 years",No,Yes,Female,"No, I did use it before, and use it now","10/02/2021 20:49:35",No,No,No,Yes,University,No,"A chat with my students in the same course, A chat with all students and teachers in the same semester/year",No,Grado,Yes,"Social Sciences"
No,Yes,"> 55","0-05 years",No,No,Male,"No, I did use it before, and use it now","10/02/2021 20:51:20",No,No,No,No,University,No,"A chat with my students in the same course",No,"Grado, Máster",Yes,Sciences
Yes,Yes,35-45,"06-15 years",Yes,Yes,Male,"No, I did use it before, and use it now","10/02/2021 20:54:18",No,No,No,No,University,No,"A chat with all students and teachers in the same semester/year",No,"Grado, Máster",Yes,"Social Sciences"
No,No,35-45,"0-05 years",Yes,No,Female,"No, I did use it before, and use it now","10/02/2021 20:57:05",No,No,No,No,University,No,"A chat with my students in the same course",Yes,Grado,Yes,"Social Sciences"
No,No,35-45,"0-05 years",No,Yes,Male,"No, I did use it before, and use it now","10/02/2021 20:57:12",No,No,No,No,University,No,"I'd rather leave students self-organize and not be part of the chat",No,"Grado, Máster",Yes,"Social Sciences"
Yes,No,25-35,"06-15 years",Yes,Yes,Male,"Yes, I didn't use any messaging app before, but do use it now","10/02/2021 21:03:01",No,No,No,No,University,No,"A chat with my students in the same course",No,Máster,Yes,"Social Sciences"
No,Yes,"> 55","> 25 years",No,No,Male,"No, I did use it before, and use it now","10/02/2021 21:03:28",Yes,No,No,No,University,No,"A chat with my students in the same course",No,Máster,Yes,"Social Sciences"
No,Yes,45-55,"06-15 years",No,No,Male,"No, I did use it before, and use it now","10/02/2021 21:04:31",No,No,No,No,University,No,"A chat with my students in the same course, A chat with all students and teachers in the same semester/year",No,Grado,Yes,"Social Sciences"
Yes,Yes,35-45,"0-05 years",No,No,Male,"No, I did use it before, and use it now","10/02/2021 21:07:18",No,No,No,No,University,No,"A chat with my students in the same course, A chat with all the students and teachers in my Faculty or School, A chat with all students and teachers in the same semester/year",No,Grado,Yes,Engineering
Yes,Yes,"> 55","> 25 years",Yes,Yes,Female,"No, I did use it before, and use it now","10/02/2021 21:34:34",No,Yes,No,No,University,No,"A chat with all students and teachers in the same semester/year",No,"Títulos propios",No,Sciences
Yes,No,45-55,"06-15 years",No,No,Male,"No, I didn't use it before, and don't use it now","10/02/2021 21:52:53",No,Yes,No,No,University,No,"A chat with my students in the same course",No,Grado,No,"Social Sciences"
No,Yes,35-45,"06-15 years",Yes,Yes,Male,"Yes, I use a safer messaging app now","11/02/2021 4:19:23",No,Yes,No,Yes,University,No,"A chat with my students in the same course",No,Grado,No,Sciences
Yes,No,45-55,"06-15 years",Yes,No,Male,"No, I did use it before, and use it now","11/02/2021 5:09:57",No,Yes,No,No,University,No,"A chat with my students in the same course, A chat with all students and teachers in the same semester/year",No,Grado,Yes,"Social Sciences"
Yes,No,35-45,"06-15 years",No,Yes,Male,"Yes, I didn't use any messaging app before, but do use it now","11/02/2021 8:09:40",No,No,No,Yes,University,No,"A chat with my students in the same course",No,"Grado, Máster",No,Engineering
Yes,Yes,35-45,"06-15 years",No,No,Male,"He intensificado el uso.","11/02/2021 11:07:16",No,No,No,Yes,University,No,"A chat with my students in the same course",No,"Grado, Máster, Doctorado, Títulos propios",No,Engineering
Yes,No,45-55,"16-25 years",Yes,No,Male,"Sí, me ha hecho tener que usar las herramientas con más frecuencia, y extender mi conocimiento de las herramientas disponibles.","11/02/2021 12:55:26",No,Yes,No,No,University,Yes,"A chat with my students in the same course",No,"Grado, Doctorado, Títulos propios",No,Engineering
Yes,No,35-45,"06-15 years",No,Yes,Female,"No, I did use it before, and use it now","11/02/2021 14:36:37",No,No,No,No,University,No,"A chat with my students in the same course, A chat with all the students and teachers in my Faculty or School",Yes,"Grado, Máster",No,"Social Sciences"
Yes,Yes,25-35,"06-15 years",No,No,Female,"No, I did use it before, and use it now","11/02/2021 15:29:23",No,Yes,No,No,University,No,"A chat with my students in the same course, I'd rather leave students self-organize and not be part of the chat, A chat with all the students and teachers in my Faculty or School, A chat with all students and teachers in the same semester/year",Yes,Grado,Yes,Engineering
Yes,No,25-35,"0-05 years",No,Yes,Male,"No, I didn't use it before, and don't use it now","11/02/2021 18:58:55",No,No,No,Yes,University,No,"I'd rather leave students self-organize and not be part of the chat",Yes,"Grado, Máster, Doctorado",Yes,Engineering
Yes,No,35-45,"16-25 years",No,Yes,Male,"No, I did use it before, and use it now","11/02/2021 19:01:56",No,No,No,Yes,University,No,"A chat with my students in the same course",No,"Grado, Máster",No,Engineering
Yes,No,35-45,"06-15 years",No,Yes,Male,"No, I did use it before, and use it now","11/02/2021 19:07:15",No,Yes,No,Yes,University,No,"A chat with my students in the same course, A chat with all students and teachers in the same semester/year",No,Grado,Yes,Sciences
Yes,Yes,25-35,"06-15 years",Yes,Yes,Male,"No, I did use it before, and use it now","11/02/2021 19:32:28",No,No,No,Yes,University,No,"A chat with my students in the same course",No,"Grado, Máster, Doctorado",No,Engineering
Yes,Yes,25-35,"0-05 years",No,Yes,Male,"No, I did use it before, and use it now","11/02/2021 19:51:00",No,No,No,Yes,University,Yes,"A chat with my students in the same course",Yes,Grado,No,Engineering
No,Yes,35-45,"0-05 years",Yes,No,Male,"No, I did use it before, and use it now","11/02/2021 19:52:53",No,No,No,Yes,University,No,"I'd rather leave students self-organize and not be part of the chat",No,"Grado, Máster",No,Engineering
No,No,35-45,"0-05 years",Yes,No,Male,"No, I did use it before, and use it now","11/02/2021 21:08:45",No,No,No,Yes,University,No,"I'd rather leave students self-organize and not be part of the chat",Yes,Grado,Yes,Engineering
Yes,No,35-45,"06-15 years",Yes,Yes,Male,"No, I did use it before, and use it now","11/02/2021 22:44:14",No,No,No,Yes,University,No,"A chat with my students in the same course, A chat with all students and teachers in the same semester/year",No,"Grado, Máster, Doctorado",No,Engineering
No,Yes,25-35,"06-15 years",Yes,No,Male,"No, I did use it before, and use it now","12/02/2021 0:04:28",No,Yes,No,No,University,No,"A chat with all students and teachers in the same semester/year",Yes,Grado,No,Sciences
Yes,No,25-35,"0-05 years",No,Yes,Male,"No, I did use it before, and use it now","12/02/2021 0:28:13",No,Yes,No,No,University,No,"A chat with all students and teachers in the same semester/year",No,Grado,No,Engineering
Yes,Yes,45-55,"16-25 years",Yes,No,Female,"No, I didn't use it before, and don't use it now","12/02/2021 1:43:50",Yes,No,No,No,University,No,"I'd rather leave students self-organize and not be part of the chat",No,Grado,No,"Social Sciences"
No,No,45-55,"16-25 years",No,Yes,Male,"Yes, I use a safer messaging app now","12/02/2021 1:57:23",No,No,No,No,University,No,"I'd rather leave students self-organize and not be part of the chat, A chat with all the students and teachers in my Faculty or School",No,Grado,Yes,"Social Sciences"
No,Yes,45-55,"06-15 years",No,No,Female,"No, I did use it before, and use it now","12/02/2021 2:31:53",No,No,No,Yes,University,No,"A chat with my students in the same course",No,Máster,No,"Social Sciences"
Yes,Yes,"> 55","> 25 years",Yes,Yes,Male,"No, I did use it before, and use it now","12/02/2021 9:15:34",No,Yes,No,Yes,University,No,"A chat with my students in the same course",No,"Grado, Máster, Doctorado",No,Engineering
Yes,Yes,35-45,"06-15 years",Yes,No,Male,"No, I did use it before, and use it now","12/02/2021 9:58:08",No,No,No,Yes,University,Yes,"I'd rather leave students self-organize and not be part of the chat",No,"Grado, Máster, Doctorado",Yes,Engineering
Yes,No,25-35,"0-05 years",Yes,Yes,Male,"No, I did use it before, and use it now","12/02/2021 10:42:47",No,No,No,Yes,University,No,"I'd rather leave students self-organize and not be part of the chat",Yes,Grado,Yes,Sciences
Yes,No,35-45,"06-15 years",Yes,Yes,Male,"No, I did use it before, and use it now","12/02/2021 14:49:40",Yes,No,No,Yes,University,No,"I'd rather leave students self-organize and not be part of the chat",No,Grado,No,Sciences
No,Yes,25-35,"0-05 years",No,No,Male,"No, I did use it before, and use it now","12/02/2021 16:19:59",No,No,No,Yes,University,No,"A chat with all students and teachers in the same semester/year",No,Grado,No,"Social Sciences"
Yes,Yes,25-35,"06-15 years",Yes,No,Female,"Yes, I use a safer messaging app now","12/02/2021 16:47:36",No,Yes,No,No,University,No,"A chat with all students and teachers in the same semester/year",No,Grado,No,"Social Sciences"
Yes,Yes,"> 55","16-25 years",Yes,Yes,Male,"No, I did use it before, and use it now","12/02/2021 16:59:17",No,Yes,No,Yes,University,No,"A chat with my students in the same course",No,Máster,No,Sciences
No,Yes,45-55,"16-25 years",No,No,Female,"Yes, I use a safer messaging app now","12/02/2021 23:41:42",No,No,No,No,University,No,"A chat with all students and teachers in the same semester/year",Yes,Grado,Yes,"Social Sciences"
No,Yes,45-55,"16-25 years",No,No,Male,"Yes, I didn't use any messaging app before, but do use it now","13/02/2021 19:34:16",No,No,No,Yes,University,No,"I'd rather leave students self-organize and not be part of the chat",No,Grado,No,Engineering
Yes,Yes,45-55,"> 25 years",Yes,Yes,Male,"No, I did use it before, and use it now","15/02/2021 1:40:15",No,Yes,No,Yes,University,No,"A chat with all students and teachers in the same semester/year",No,Máster,Yes,"Social Sciences"
No,No,45-55,"16-25 years",No,Yes,Male,"Yes, I use a safer messaging app now","15/02/2021 10:24:25",No,No,No,Yes,University,No,"A chat with all students and teachers in the same semester/year",No,"Grado, Máster, Doctorado",No,"Social Sciences"
Yes,Yes,25-35,"0-05 years",Yes,Yes,Female,"Yes, I use a safer messaging app now","15/02/2021 10:26:06",No,No,No,Yes,University,No,"A chat with my students in the same course",Yes,Grado,No,"Social Sciences"
Yes,Yes,25-35,"0-05 years",Yes,No,Female,"Yes, I use a safer messaging app now","15/02/2021 10:28:32",No,No,No,Yes,University,No,"A chat with my students in the same course, A chat with all students and teachers in the same semester/year",Yes,Grado,No,Humanities
Yes,Yes,25-35,"0-05 years",Yes,Yes,Female,"Yes, I didn't use any messaging app before, but do use it now","15/02/2021 10:32:54",No,No,No,Yes,University,No,"A chat with my students in the same course",No,Grado,Yes,"Social Sciences"
No,No,25-35,"0-05 years",Yes,Yes,Male,"No, I didn't use it before, and don't use it now","15/02/2021 10:59:41",No,No,No,No,University,No,"I'd rather leave students self-organize and not be part of the chat",No,Grado,Yes,Engineering
Yes,No,25-35,"06-15 years",Yes,Yes,Male,"No, I didn't use it before, and don't use it now","15/02/2021 11:50:01",No,Yes,No,No,University,No,"I'd rather leave students self-organize and not be part of the chat",Yes,"Grado, Títulos propios",Yes,Engineering
Yes,No,"> 55","> 25 years",No,No,Female,"Yes, I use a safer messaging app now","15/02/2021 12:25:12",No,No,No,No,University,No,"A chat with my students in the same course",No,Grado,Yes,Sciences
Yes,No,25-35,"0-05 years",Yes,No,Female,"Yes, I use a safer messaging app now","15/02/2021 13:16:37",No,No,No,Yes,University,Yes,"A chat with my students in the same course, A chat with all students and teachers in the same semester/year",No,"Grado, Máster, Doctorado",Yes,Biomedicine
Yes,Yes,45-55,"> 25 years",Yes,Yes,Male,"No, I did use it before, and use it now","15/02/2021 16:19:38",No,No,No,No,University,No,"A chat with my students in the same course",Yes,"Grado, Máster",Yes,"Social Sciences"
Yes,Yes,35-45,"06-15 years",Yes,Yes,Male,"No, I did use it before, and use it now","15/02/2021 19:33:48",No,No,No,Yes,University,No,"A chat with my students in the same course",No,"Grado, Máster, Doctorado",Yes,Biomedicine
Yes,No,25-35,"0-05 years",No,Yes,Female,"No, I did use it before, and use it now","15/02/2021 19:46:46",No,No,No,No,University,No,"A chat with my students in the same course, I'd rather leave students self-organize and not be part of the chat",No,Grado,Yes,Sciences
Yes,Yes,25-35,"0-05 years",Yes,Yes,Male,"No, I did use it before, and use it now","15/02/2021 19:59:28",No,No,No,Yes,University,No,"I'd rather leave students self-organize and not be part of the chat",No,Grado,No,Engineering
No,Yes,25-35,"0-05 years",Yes,No,"PNTS","Yes, I didn't use any messaging app before, but do use it now","15/02/2021 19:59:29",No,No,No,Yes,University,No,"A chat with my students in the same course",No,Grado,No,Engineering
Yes,Yes,35-45,"0-05 years",Yes,Yes,Female,"No, I did use it before, and use it now","15/02/2021 20:21:55",No,No,No,Yes,University,No,"I'd rather leave students self-organize and not be part of the chat",No,"Grado, Títulos propios",Yes,"Social Sciences"
Yes,Yes,45-55,"> 25 years",Yes,Yes,Male,"Antes la usaba, pero ahora muchísimo más","15/02/2021 20:34:09",No,No,No,Yes,University,No,"I'd rather leave students self-organize and not be part of the chat",No,"Grado, Máster, Doctorado, Aula de Mayores/Extensión Universitaria",No,Humanities
No,No,45-55,"06-15 years",No,No,Female,"Yes, I use a safer messaging app now","15/02/2021 20:41:13",No,No,Yes,Yes,University,No,"I'd rather leave students self-organize and not be part of the chat",Yes,"Grado, Máster, Títulos propios, Aula de Mayores/Extensión Universitaria",Yes,Biomedicine
Yes,Yes,45-55,"16-25 years",Yes,No,Male,"No, I did use it before, and use it now","15/02/2021 21:20:03",No,No,No,Yes,University,No,"I'd rather leave students self-organize and not be part of the chat",Yes,"Grado, Máster, Doctorado",No,Engineering
No,Yes,25-35,"0-05 years",Yes,No,Male,"Yes, I didn't use any messaging app before, but do use it now","16/02/2021 0:01:24",No,No,No,Yes,University,No,"I'd rather leave students self-organize and not be part of the chat",No,Grado,No,"Social Sciences"
Yes,No,35-45,"06-15 years",No,No,Male,"Yes, I use a safer messaging app now","16/02/2021 0:47:16",No,No,No,Yes,University,No,"A chat with my students in the same course",Yes,"Grado, Máster",Yes,"Social Sciences"
No,No,45-55,"16-25 years",No,Yes,Female,"No, I didn't use it before, and don't use it now","16/02/2021 7:57:47",No,No,No,Yes,University,No,"A chat with my students in the same course",No,Grado,No,"Social Sciences"
No,No,35-45,"0-05 years",Yes,No,Male,"No, I did use it before, and use it now","16/02/2021 8:35:32",No,No,No,Yes,University,No,"A chat with my students in the same course",No,Grado,No,Sciences
No,No,"> 55","16-25 years",Yes,No,Male,"No, I did use it before, and use it now","16/02/2021 9:16:25",No,No,No,Yes,University,No,"A chat with all students and teachers in the same semester/year",No,"Grado, Máster, Doctorado, Títulos propios",Yes,Engineering
Yes,Yes,35-45,"0-05 years",Yes,No,Male,"No, I did use it before, and use it now","16/02/2021 9:21:31",No,No,No,Yes,University,No,"A chat with my students in the same course",No,"Grado, Máster",No,"Social Sciences"
Yes,Yes,"> 55","> 25 years",No,Yes,Male,"No, I did use it before, and use it now","16/02/2021 9:21:58",No,Yes,No,Yes,University,No,"A chat with all students and teachers in the same semester/year",No,"Grado, Máster",No,Engineering
Yes,No,25-35,"0-05 years",No,Yes,Female,"No, I did use it before, and use it now","16/02/2021 9:25:48",No,No,No,Yes,University,No,"A chat with my students in the same course",No,"Grado, Máster",Yes,"Social Sciences"
No,No,45-55,"> 25 years",No,No,Female,"SIGO USANDO PRADO IGUAL QUE ANTES","16/02/2021 9:27:54",No,No,Yes,Yes,University,No,"A chat with my students in the same course",No,"Grado, Máster, Doctorado",No,Engineering
Yes,No,45-55,"16-25 years",Yes,Yes,Male,"Yes, I didn't use any messaging app before, but do use it now","16/02/2021 9:28:07",No,No,No,Yes,University,No,"A chat with all students and teachers in the same semester/year",No,Grado,No,Engineering
Yes,Yes,25-35,"0-05 years",Yes,Yes,Male,"No, I did use it before, and use it now","16/02/2021 9:32:27",No,No,No,Yes,University,No,"A chat with my students in the same course",Yes,Grado,No,Engineering
Yes,No,25-35,"0-05 years",No,No,Female,"Yes, I didn't use any messaging app before, but do use it now","16/02/2021 10:05:33",No,No,No,Yes,University,No,"A chat with my students in the same course",Yes,Grado,Yes,Biomedicine
No,Yes,45-55,"16-25 years",No,No,Male,"No, I did use it before, and use it now","16/02/2021 10:08:18",No,Yes,No,No,University,No,"A chat with my students in the same course",No,"Grado, Máster, Doctorado",No,Biomedicine
Yes,No,45-55,"16-25 years",No,Yes,Female,"Yes, I didn't use any messaging app before, but do use it now","16/02/2021 10:08:56",No,No,No,No,University,No,"A chat with my students in the same course",No,"Grado, Máster",Yes,Sciences
Yes,No,35-45,"0-05 years",Yes,No,Female,"Yes, I didn't use any messaging app before, but do use it now","16/02/2021 10:13:53",No,Yes,No,No,University,No,"A chat with my students in the same course",No,"Grado, Máster",Yes,Biomedicine
Yes,No,45-55,"0-05 years",Yes,No,Male,"Yes, I didn't use any messaging app before, but do use it now","16/02/2021 10:15:00",No,No,No,No,University,No,"A chat with my students in the same course",No,Grado,Yes,Sciences
Yes,No,35-45,"06-15 years",No,No,Female,"No, I didn't use it before, and don't use it now","16/02/2021 10:25:35",Yes,No,No,No,University,No,"I'd rather leave students self-organize and not be part of the chat",No,"Grado, Máster, Doctorado",No,Biomedicine
No,No,"> 55","> 25 years",No,No,Male,"No, I did use it before, and use it now","16/02/2021 10:43:03",No,Yes,Yes,No,University,No,"A chat with all students and teachers in the same semester/year",No,Grado,No,Sciences
Yes,No,25-35,"0-05 years",Yes,Yes,Female,"No, I did use it before, and use it now","16/02/2021 10:58:30",No,No,No,Yes,University,No,"A chat with my students in the same course",No,Grado,No,Sciences
No,Yes,45-55,"16-25 years",No,No,Female,"Yes, I didn't use any messaging app before, but do use it now","16/02/2021 12:19:05",No,Yes,No,No,University,No,"A chat with my students in the same course",No,"Grado, Máster",No,Biomedicine
No,Yes,45-55,"06-15 years",Yes,No,Male,"Yes, I use a safer messaging app now","16/02/2021 12:40:12",No,No,Yes,No,University,No,"A chat with my students in the same course",No,"Grado, Máster, Doctorado",Yes,Biomedicine
No,No,45-55,"> 25 years",No,No,Male,"Un aumento en la frecuencia de uso de la mensajería.","17/02/2021 8:12:35",No,Yes,Yes,Yes,University,No,"I'd rather leave students self-organize and not be part of the chat",No,"Grado, Máster",Yes,Biomedicine
No,No,35-45,"0-05 years",Yes,No,Female,"Yes, I didn't use any messaging app before, but do use it now","17/02/2021 9:02:32",No,Yes,No,No,University,No,"A chat with my students in the same course",No,"Grado, Máster",No,Biomedicine
No,Yes,45-55,"16-25 years",Yes,No,Female,"No, I did use it before, and use it now","17/02/2021 9:26:31",No,No,No,Yes,University,No,"A chat with all students and teachers in the same semester/year",No,"Grado, Máster, Doctorado, Títulos propios",No,Biomedicine
Yes,No,35-45,"06-15 years",Yes,No,Male,"No, I did use it before, and use it now","17/02/2021 9:44:30",No,No,No,Yes,University,No,"A chat with my students in the same course",No,"Grado, Máster",Yes,Sciences
Yes,No,35-45,"0-05 years",No,Yes,"PNTS","No, I did use it before, and use it now","17/02/2021 12:42:25",No,No,No,Yes,University,No,"A chat with my students in the same course",Yes,Grado,Yes,"Social Sciences"
Yes,No,25-35,"0-05 years",Yes,No,Male,"No, I did use it before, and use it now","17/02/2021 12:43:45",No,No,No,Yes,University,No,"I'd rather leave students self-organize and not be part of the chat",No,Grado,No,Engineering
No,Yes,"> 55","> 25 years",Yes,Yes,Male,"Yes, I use a safer messaging app now","17/02/2021 13:28:30",No,No,No,Yes,University,No,"A chat with my students in the same course",No,"Grado, Máster, Doctorado",Yes,Biomedicine
No,No,35-45,"06-15 years",No,No,Female,"No, I didn't use it before, and don't use it now","17/02/2021 14:47:39",Yes,No,Yes,No,University,No,"A chat with my students in the same course",No,"Grado, Máster, Doctorado",No,Biomedicine
No,Yes,35-45,"06-15 years",No,No,Female,"Yes, I didn't use any messaging app before, but do use it now","17/02/2021 16:26:42",No,No,No,No,University,No,"I'd rather leave students self-organize and not be part of the chat",No,Grado,Yes,"Social Sciences"
Yes,Yes,35-45,"16-25 years",Yes,No,Male,"Yes, I use a safer messaging app now","17/02/2021 18:13:20",No,No,No,Yes,University,No,"A chat with my students in the same course",No,"Grado, Máster",No,"Social Sciences"
No,No,"> 55","> 25 years",Yes,No,Female,"No, I did use it before, and use it now","18/02/2021 11:23:16",No,No,No,Yes,University,No,"A chat with my students in the same course",No,Grado,No,Biomedicine
Yes,Yes,35-45,"06-15 years",Yes,Yes,Male,"Yes, I use a safer messaging app now","20/02/2021 20:18:23",No,Yes,No,No,University,No,"A chat with my students in the same course",Yes,Grado,Yes,"Social Sciences"
No,Yes,35-45,"0-05 years",No,No,Male,"No, I didn't use it before, and don't use it now","20/02/2021 22:15:11",Yes,No,No,No,University,No,"A chat with my students in the same course",No,Grado,No,Sciences
No,Yes,25-35,"0-05 years",No,No,Female,"Yes, I didn't use any messaging app before, but do use it now","21/02/2021 11:40:07",No,No,No,Yes,University,No,"A chat with my students in the same course",No,Grado,No,Sciences
Yes,Yes,45-55,"> 25 years",Yes,Yes,Male,"No, I did use it before, and use it now","23/02/2021 20:40:20",No,No,No,No,University,No,"A chat with my students in the same course",Yes,"Grado, Máster",Yes,Engineering
Yes,Yes,45-55,"> 25 years",Yes,Yes,Male,"No, I did use it before, and use it now","24/02/2021 9:38:38",No,No,No,Yes,University,No,"A chat with my students in the same course, A chat with all students and teachers in the same semester/year",No,"Grado, Máster",No,Engineering
Yes,No,"> 55","> 25 years",No,Yes,Male,"No, I did use it before, and use it now","24/02/2021 10:11:08",No,No,No,Yes,University,No,"A chat with my students in the same course",No,Grado,No,Engineering
Yes,Yes,35-45,"16-25 years",Yes,No,Male,"La usaba y uso de vez en cuando para consultas/tutorías.","1/03/2021 22:46:29",No,No,Yes,Yes,University,No,"I'd rather leave students self-organize and not be part of the chat",Yes,"Grado, Máster, Títulos propios",No,Engineering
No,Yes,45-55,"16-25 years",No,No,Male,"No, I did use it before, and use it now","2/03/2021 9:37:44",No,Yes,No,No,University,No,"A chat with all students and teachers in the same semester/year",No,"Grado, Máster, Doctorado",No,Engineering
No,No,35-45,"16-25 years",No,No,Male,"No, I did use it before, and use it now","8/02/2021 19:58:45",No,No,Yes,Yes,Vocational,No,"A chat with my students in the same course",No,"Grado superior",No,Technology
Yes,No,45-55,"16-25 years",Yes,No,Female,"Yes, I use a safer messaging app now","8/02/2021 20:31:33",No,No,No,No,Vocational,No,"A chat with my students in the same course, I'd rather leave students self-organize and not be part of the chat",Yes,"Grado superior",Yes,Technology
No,No,45-55,"06-15 years",No,No,Female,"No, I did use it before, and use it now","8/02/2021 20:59:39",No,Yes,Yes,No,Vocational,No,"I'd rather leave students self-organize and not be part of the chat",No,"Grado medio, Grado superior",No,No
Yes,No,"> 55","> 25 years",No,No,Female,"No, I did use it before, and use it now","8/02/2021 21:04:12",No,No,No,No,Vocational,No,"I'd rather leave students self-organize and not be part of the chat, A chat with all students and teachers in the same semester/year",No,"Grado superior",Yes,"Social Sciences"
Yes,No,35-45,"06-15 years",Yes,No,Male,"No, I did use it before, and use it now","8/02/2021 21:08:52",No,No,No,Yes,Vocational,No,"A chat with my students in the same course",No,"Grado superior",No,Technology
No,No,45-55,"16-25 years",No,Yes,Female,"No, I did use it before, and use it now","8/02/2021 21:11:09",No,No,No,No,Vocational,No,"I'd rather leave students self-organize and not be part of the chat",No,"Grado medio, Grado superior",Yes,Technology
No,No,35-45,"16-25 years",No,Yes,Male,"No, I did use it before, and use it now","8/02/2021 21:11:27",No,No,No,Yes,Vocational,No,"I'd rather leave students self-organize and not be part of the chat",No,"Grado medio, Grado superior",No,Technology
Yes,No,35-45,"16-25 years",Yes,Yes,Male,"Yes, I use a safer messaging app now","8/02/2021 21:21:29",No,Yes,No,Yes,Vocational,No,"A chat with my students in the same course",Yes,"Grado medio, Grado superior",Yes,Technology
No,Yes,45-55,"16-25 years",No,No,Female,"No, I did use it before, and use it now","8/02/2021 21:23:52",No,No,No,Yes,Vocational,No,"I'd rather leave students self-organize and not be part of the chat",No,"Grado medio",No,Technology
No,No,45-55,"16-25 years",No,No,Male,"No, I did use it before, and use it now","8/02/2021 21:24:12",No,No,Yes,No,Vocational,Yes,"I'd rather leave students self-organize and not be part of the chat",No,"Grado medio, Grado superior",Yes,Technology
Yes,Yes,35-45,"16-25 years",Yes,No,Male,"No, I did use it before, and use it now","8/02/2021 21:24:23",No,No,No,Yes,Vocational,No,"A chat with my students in the same course, A chat with all students and teachers in the same semester/year",No,"Grado superior",No,Technology
No,No,35-45,"16-25 years",No,No,Male,"Yes, I use a safer messaging app now","8/02/2021 21:25:52",No,Yes,Yes,No,Vocational,No,"A chat with my students in the same course",No,"Grado medio",Yes,Technology
No,No,35-45,"06-15 years",Yes,Yes,Female,"No, I did use it before, and use it now","8/02/2021 21:26:37",No,Yes,No,No,Vocational,No,"A chat with my students in the same course, Un grupo para toda la titulación o instituto (profesores y estudiantes)",No,"Grado medio",No,Technology
Yes,Yes,45-55,"06-15 years",Yes,Yes,Male,"No, I did use it before, and use it now","8/02/2021 21:27:50",No,No,No,Yes,Vocational,No,"I'd rather leave students self-organize and not be part of the chat",No,"Grado medio",Yes,Technology
Yes,Yes,45-55,"16-25 years",No,Yes,Male,"No, I did use it before, and use it now","8/02/2021 21:31:32",No,No,No,Yes,Vocational,No,"A chat with all students and teachers in the same semester/year",No,"Grado medio",No,Technology
Yes,Yes,"> 55","> 25 years",Yes,Yes,Female,"No, I did use it before, and use it now","8/02/2021 21:36:42",No,No,No,Yes,Vocational,No,"A chat with my students in the same course",No,"Grado medio",Yes,"Social Sciences"
No,No,45-55,"16-25 years",Yes,No,Male,"No, I did use it before, and use it now","8/02/2021 21:38:21",No,No,No,Yes,Vocational,No,"Un grupo para toda la titulación o instituto (profesores y estudiantes)",Yes,"Grado medio",Yes,Technology
No,Yes,35-45,"06-15 years",Yes,No,Male,"No, I did use it before, and use it now","8/02/2021 21:38:43",No,No,No,No,Vocational,Yes,"A chat with my students in the same course, A chat with all students and teachers in the same semester/year",No,"Grado superior, Curso de especialización",No,Technology
Yes,Yes,35-45,"06-15 years",Yes,No,Female,"Yes, I didn't use any messaging app before, but do use it now","8/02/2021 21:39:15",No,No,No,Yes,Vocational,No,"A chat with my students in the same course",No,"Grado superior",Yes,Technology
Yes,Yes,45-55,"06-15 years",No,Yes,Male,"No, I did use it before, and use it now","8/02/2021 21:42:31",No,No,No,Yes,Vocational,No,"A chat with my students in the same course, Un grupo para toda la titulación o instituto (profesores y estudiantes), A chat with all students and teachers in the same semester/year",No,"Grado medio, Grado superior",No,Technology
No,Yes,45-55,"16-25 years",Yes,Yes,Male,"No, I did use it before, and use it now","8/02/2021 21:44:34",No,No,No,Yes,Vocational,No,"A chat with my students in the same course",No,"Grado superior",No,Technology
No,Yes,45-55,"16-25 years",No,No,Female,"No, I did use it before, and use it now","8/02/2021 21:49:19",No,Yes,No,No,Vocational,No,"I'd rather leave students self-organize and not be part of the chat",No,"Grado medio",No,Technology
No,Yes,35-45,"0-05 years",Yes,No,Female,"Yes, I didn't use any messaging app before, but do use it now","8/02/2021 21:50:02",No,Yes,No,No,Vocational,No,"A chat with my students in the same course",Yes,"Grado superior",Yes,Technology
Yes,No,45-55,"> 25 years",Yes,No,Female,"No, I did use it before, and use it now","8/02/2021 21:51:38",No,No,No,Yes,Vocational,No,"I'd rather leave students self-organize and not be part of the chat",No,"Grado superior",No,Technology
No,Yes,35-45,"16-25 years",Yes,No,Male,"No, I did use it before, and use it now","8/02/2021 21:51:52",No,No,No,No,Vocational,Yes,"A chat with my students in the same course",No,"Grado superior",No,Technology
No,Yes,35-45,"0-05 years",No,No,Male,"No, I did use it before, and use it now","8/02/2021 21:53:50",No,No,No,No,Vocational,No,"I'd rather leave students self-organize and not be part of the chat",No,"Grado medio",Yes,Technology
Yes,No,45-55,"16-25 years",Yes,Yes,Female,"No, I did use it before, and use it now","8/02/2021 21:53:50",No,No,No,Yes,Vocational,No,"I'd rather leave students self-organize and not be part of the chat",Yes,"Grado medio, Grado superior",Yes,Technology
No,Yes,"> 55","> 25 years",No,No,Male,"No, I did use it before, and use it now","8/02/2021 22:03:16",No,Yes,No,No,Vocational,No,"A chat with all students and teachers in the same semester/year",No,"Grado medio",Yes,Technology
No,Yes,45-55,"> 25 years",Yes,No,Male,"No, I did use it before, and use it now","8/02/2021 22:04:47",No,No,No,Yes,Vocational,No,"I'd rather leave students self-organize and not be part of the chat",No,"Grado superior",No,Technology
No,Yes,45-55,"16-25 years",Yes,No,Female,"No, I did use it before, and use it now","8/02/2021 22:05:10",No,No,No,Yes,Vocational,No,"I'd rather leave students self-organize and not be part of the chat",No,"Grado superior",Yes,Technology
Yes,No,"> 55","16-25 years",No,No,Female,"Yes, I use a safer messaging app now","8/02/2021 22:05:14",No,Yes,No,No,Vocational,No,"I'd rather leave students self-organize and not be part of the chat",No,"Grado medio",Yes,No
Yes,Yes,45-55,"16-25 years",Yes,No,Male,"No, I did use it before, and use it now","8/02/2021 22:22:57",No,No,No,Yes,Vocational,No,"A chat with my students in the same course",No,"Grado medio",Yes,Technology
No,Yes,35-45,"0-05 years",No,Yes,Male,"Yes, I use a safer messaging app now","8/02/2021 22:22:57",No,No,No,Yes,Vocational,No,"A chat with my students in the same course, A chat with all students and teachers in the same semester/year",Yes,"Grado medio, Grado superior",No,Sciences
Yes,No,35-45,"0-05 years",Yes,No,Male,"No, I did use it before, and use it now","8/02/2021 22:29:41",No,No,No,No,Vocational,No,"I'd rather leave students self-organize and not be part of the chat",No,"Grado medio, Grado superior",Yes,Sciences
Yes,Yes,35-45,"16-25 years",Yes,Yes,Female,"No, I did use it before, and use it now","8/02/2021 22:51:40",No,Yes,No,No,Vocational,No,"A chat with my students in the same course, Un grupo para toda la titulación o instituto (profesores y estudiantes)",No,"Grado superior",No,Technology
Yes,Yes,45-55,"> 25 years",Yes,No,Male,"No, I did use it before, and use it now","8/02/2021 23:16:23",No,No,No,No,Vocational,No,"A chat with all students and teachers in the same semester/year",Yes,"Grado medio, Grado superior",Yes,Technology
No,No,35-45,"06-15 years",Yes,No,Female,"No, I did use it before, and use it now","8/02/2021 23:24:26",No,No,No,Yes,Vocational,No,"I'd rather leave students self-organize and not be part of the chat",No,"Grado medio, Grado superior",No,Technology
Yes,No,45-55,"06-15 years",Yes,No,Male,"No, I did use it before, and use it now","8/02/2021 23:37:20",No,No,No,Yes,Vocational,No,"A chat with my students in the same course",No,"Grado medio, Grado superior",Yes,Technology
No,Yes,45-55,"0-05 years",No,No,Male,"Yes, I didn't use any messaging app before, but do use it now","9/02/2021 0:15:14",Yes,No,No,No,Vocational,No,"I'd rather leave students self-organize and not be part of the chat",No,"Grado medio",No,Technology
Yes,No,45-55,"0-05 years",Yes,No,Female,"Yes, I use a safer messaging app now","9/02/2021 6:36:45",No,No,No,Yes,Vocational,Yes,"A chat with my students in the same course",No,"Grado superior",Yes,Technology
No,Yes,45-55,"> 25 years",No,No,Male,"Yes, I didn't use any messaging app before, but do use it now","9/02/2021 6:42:11",Yes,No,No,No,Vocational,No,"A chat with my students in the same course",No,"Grado medio, Grado superior",No,Technology
Yes,Yes,35-45,"0-05 years",Yes,Yes,Male,"Yes, I use a safer messaging app now","9/02/2021 8:01:08",No,Yes,No,No,Vocational,No,"I'd rather leave students self-organize and not be part of the chat",No,"Grado medio",No,Technology
Yes,No,45-55,"16-25 years",Yes,Yes,Male,"No, I did use it before, and use it now","9/02/2021 8:01:36",No,No,No,No,Vocational,No,"A chat with my students in the same course",No,"Grado superior",Yes,Technology
Yes,No,"> 55","> 25 years",No,No,Female,"Yes, I didn't use any messaging app before, but do use it now","9/02/2021 8:28:45",No,No,No,Yes,Vocational,No,"A chat with my students in the same course",No,"Grado medio",No,"Social Sciences"
No,Yes,45-55,"> 25 years",No,No,Male,"Yes, I use a safer messaging app now","9/02/2021 8:28:49",No,No,No,Yes,Vocational,No,"I'd rather leave students self-organize and not be part of the chat",No,"Grado superior, CETIC",No,Technology
Yes,No,45-55,"> 25 years",Yes,No,Male,"No, I did use it before, and use it now","9/02/2021 8:49:14",No,No,No,Yes,Vocational,No,"A chat with my students in the same course",No,"Grado medio, Grado superior",Yes,Technology
Yes,Yes,35-45,"16-25 years",No,No,Male,"No, I did use it before, and use it now","9/02/2021 9:41:04",No,No,No,No,Vocational,Yes,"A chat with my students in the same course, Un grupo para toda la titulación o instituto (profesores y estudiantes), A chat with all students and teachers in the same semester/year",Yes,"Grado superior",No,Technology
No,No,45-55,"16-25 years",Yes,Yes,Female,"Yes, I use a safer messaging app now","9/02/2021 9:44:12",No,No,No,Yes,Vocational,No,"A chat with my students in the same course, A chat with all students and teachers in the same semester/year",No,"Grado superior",Yes,Technology
Yes,Yes,35-45,"06-15 years",No,No,Female,"No, I did use it before, and use it now","9/02/2021 9:44:51",No,Yes,No,No,Vocational,No,"A chat with my students in the same course",No,"Grado medio, Grado superior",No,Technology
No,Yes,35-45,"0-05 years",No,No,Female,"Yes, I didn't use any messaging app before, but do use it now","9/02/2021 9:48:27",No,No,No,No,Vocational,No,"A chat with my students in the same course",No,"Grado superior",Yes,Technology
Yes,Yes,35-45,"16-25 years",Yes,No,Female,"No, I did use it before, and use it now","9/02/2021 9:50:33",No,No,No,Yes,Vocational,No,"A chat with my students in the same course",No,"Grado medio",No,Technology
Yes,No,45-55,"16-25 years",No,No,Male,"No, I did use it before, and use it now","9/02/2021 9:50:57",No,No,No,No,Vocational,No,"A chat with my students in the same course, A chat with all students and teachers in the same semester/year",No,"Grado medio, Grado superior",Yes,Technology
Yes,No,35-45,"06-15 years",Yes,No,Female,"Yes, I use a safer messaging app now","9/02/2021 9:52:54",No,No,No,No,Vocational,No,"A chat with my students in the same course, A chat with all students and teachers in the same semester/year",Yes,"Grado superior",Yes,Technology
Yes,No,25-35,"0-05 years",No,No,Male,"No, I did use it before, and use it now","9/02/2021 9:58:16",No,Yes,No,No,Vocational,No,"I'd rather leave students self-organize and not be part of the chat",No,"Grado superior, Bachillerato",No,Technology
Yes,No,45-55,"16-25 years",No,No,Male,"No, I did use it before, and use it now","9/02/2021 10:06:09",Yes,No,No,No,Vocational,No,"I'd rather leave students self-organize and not be part of the chat",No,"Grado superior",No,Technology
Yes,No,45-55,"16-25 years",No,No,Male,"No, I did use it before, and use it now","9/02/2021 10:12:58",No,No,No,Yes,Vocational,No,"A chat with my students in the same course",Yes,"Grado medio",Yes,Technology
Yes,No,35-45,"0-05 years",No,No,Male,"No, I did use it before, and use it now","9/02/2021 10:13:54",No,No,No,Yes,Vocational,No,"I'd rather leave students self-organize and not be part of the chat",No,"Grado superior",No,No
Yes,No,25-35,"0-05 years",Yes,Yes,Female,"Yes, I use a safer messaging app now","9/02/2021 10:17:16",No,No,No,Yes,Vocational,No,"A chat with my students in the same course",No,"Grado superior",Yes,Sciences
No,Yes,45-55,"0-05 years",No,No,Female,"Yes, I didn't use any messaging app before, but do use it now","9/02/2021 10:27:31",No,No,No,Yes,Vocational,No,"I'd rather leave students self-organize and not be part of the chat",No,"Grado superior",No,Sciences
Yes,Yes,45-55,"0-05 years",Yes,No,Male,"Yes, I didn't use any messaging app before, but do use it now","9/02/2021 10:46:00",No,No,No,Yes,Vocational,No,"I'd rather leave students self-organize and not be part of the chat",No,"Grado medio, Grado superior",Yes,"Social Sciences"
No,Yes,45-55,"0-05 years",No,No,Male,"No, I did use it before, and use it now","9/02/2021 11:09:38",No,Yes,No,No,Vocational,No,"A chat with all students and teachers in the same semester/year",No,"Grado medio, Grado superior",No,"Social Sciences"
Yes,Yes,"> 55","> 25 years",Yes,Yes,Male,"Yes, I didn't use any messaging app before, but do use it now","9/02/2021 11:13:38",No,No,No,Yes,Vocational,No,"A chat with my students in the same course",No,"Grado medio, Grado superior",No,"Social Sciences"
Yes,Yes,"> 55","> 25 years",Yes,Yes,Female,"Yes, I didn't use any messaging app before, but do use it now","9/02/2021 11:26:17",No,Yes,No,No,Vocational,No,"A chat with my students in the same course",No,"Grado medio, Grado superior",No,"Social Sciences"
Yes,Yes,45-55,"> 25 years",Yes,Yes,Male,"No, I didn't use it before, and don't use it now","9/02/2021 16:14:29",No,No,No,Yes,Vocational,No,"I'd rather leave students self-organize and not be part of the chat",No,"Aula de Mayores/Extensión Universitaria",No,Technology
Yes,Yes,"> 55","> 25 years",No,Yes,Male,"Yes, I didn't use any messaging app before, but do use it now","9/02/2021 16:53:56",No,No,No,Yes,Vocational,No,"A chat with all students and teachers in the same semester/year",No,"Grado medio",Yes,No
No,No,45-55,"0-05 years",Yes,No,Male,"No, I didn't use it before, and don't use it now","9/02/2021 17:33:24",No,No,No,No,Vocational,No,"A chat with my students in the same course",No,"Grado superior",Yes,No
Yes,No,45-55,"16-25 years",Yes,No,Male,"No, I did use it before, and use it now","9/02/2021 17:33:43",No,No,No,Yes,Vocational,No,"A chat with my students in the same course, I'd rather leave students self-organize and not be part of the chat",Yes,"Grado superior",Yes,Technology
No,No,45-55,"16-25 years",Yes,No,Male,"Yes, I didn't use any messaging app before, but do use it now","9/02/2021 18:10:20",No,No,No,Yes,Vocational,No,"A chat with all students and teachers in the same semester/year",No,"Grado superior",No,Technology
No,Yes,"> 55","> 25 years",No,Yes,Female,"Yes, I use a safer messaging app now","9/02/2021 18:29:45",No,Yes,No,Yes,Vocational,No,"A chat with my students in the same course",No,"Grado superior",Yes,Technology
Yes,Yes,35-45,"0-05 years",Yes,Yes,Male,"Yes, I didn't use any messaging app before, but do use it now","9/02/2021 18:33:36",No,No,No,No,Vocational,No,"I'd rather leave students self-organize and not be part of the chat",No,"Grado superior",Yes,Technology
Yes,No,35-45,"0-05 years",Yes,Yes,Male,"No, I did use it before, and use it now","9/02/2021 18:41:08",No,No,No,Yes,Vocational,No,"I'd rather leave students self-organize and not be part of the chat",No,"Grado superior",Yes,Technology
No,Yes,35-45,"0-05 years",No,No,Female,"No, I did use it before, and use it now","9/02/2021 19:14:44",No,Yes,No,Yes,Vocational,No,"I'd rather leave students self-organize and not be part of the chat",No,"Grado superior",No,Technology
Yes,Yes,45-55,"16-25 years",No,No,Male,"No, I did use it before, and use it now","9/02/2021 19:14:48",No,No,No,Yes,Vocational,No,"I'd rather leave students self-organize and not be part of the chat",No,"Grado superior",Yes,Technology
Yes,Yes,45-55,"16-25 years",No,No,Male,"No, I did use it before, and use it now","9/02/2021 19:16:56",No,No,No,No,Vocational,No,"A chat with my students in the same course",No,"Grado medio, Grado superior",Yes,Technology
No,Yes,35-45,"0-05 years",No,No,Male,"No, I did use it before, and use it now","9/02/2021 19:23:10",No,Yes,No,No,Vocational,No,"A chat with my students in the same course",No,"Grado medio, Grado superior",No,Technology
Yes,No,25-35,"0-05 years",No,Yes,Female,"No, I did use it before, and use it now","9/02/2021 19:35:45",No,No,No,Yes,Vocational,No,"I'd rather leave students self-organize and not be part of the chat",No,"Grado superior",No,Sciences
No,Yes,45-55,"16-25 years",Yes,No,Female,"No, I did use it before, and use it now","9/02/2021 19:46:26",No,No,No,Yes,Vocational,No,"A chat with my students in the same course",No,"Grado medio, Grado superior",No,Technology
No,No,45-55,"06-15 years",Yes,No,Female,"Yes, I use a safer messaging app now","9/02/2021 19:52:39",No,No,No,Yes,Vocational,No,"A chat with my students in the same course",No,"Grado superior",Yes,Technology
No,Yes,35-45,"16-25 years",Yes,Yes,Female,"No, I did use it before, and use it now","9/02/2021 20:24:11",No,No,No,Yes,Vocational,Yes,"A chat with my students in the same course",Yes,"Grado medio, Bachillerato",No,Technology
Yes,No,45-55,"16-25 years",No,Yes,Male,"No, I did use it before, and use it now","9/02/2021 20:31:14",No,No,No,Yes,Vocational,Yes,"A chat with my students in the same course",No,"Grado medio, Grado superior",No,Technology
Yes,No,45-55,"16-25 years",No,Yes,Male,"No, I did use it before, and use it now","9/02/2021 20:35:30",No,No,No,No,Vocational,Yes,"A chat with my students in the same course, A chat with all students and teachers in the same semester/year",No,"Grado superior",No,Technology
Yes,No,45-55,"06-15 years",No,No,Female,"No, I did use it before, and use it now","9/02/2021 20:39:25",No,No,No,Yes,Vocational,No,"A chat with my students in the same course",No,"Grado medio",No,Technology
Yes,Yes,45-55,"16-25 years",Yes,Yes,Female,"No, I did use it before, and use it now","9/02/2021 20:56:40",No,Yes,No,No,Vocational,No,"A chat with my students in the same course",No,"Grado medio, Grado superior",Yes,Technology
Yes,Yes,35-45,"06-15 years",Yes,Yes,Female,"No, I did use it before, and use it now","9/02/2021 20:58:42",No,No,No,Yes,Vocational,No,"I'd rather leave students self-organize and not be part of the chat",Yes,"Grado medio",Yes,Technology
Yes,No,45-55,"16-25 years",No,Yes,Female,"No, I did use it before, and use it now","9/02/2021 21:07:52",No,No,No,Yes,Vocational,No,"A chat with my students in the same course",No,"Grado medio, Grado superior",Yes,Technology
Yes,Yes,45-55,"06-15 years",Yes,No,Male,"No, I did use it before, and use it now","9/02/2021 21:13:50",Yes,No,No,No,Vocational,Yes,"A chat with my students in the same course",Yes,"Grado medio",No,Technology
No,No,45-55,"> 25 years",No,No,Male,"No, I did use it before, and use it now","9/02/2021 21:49:43",No,Yes,Yes,Yes,Vocational,No,"I'd rather leave students self-organize and not be part of the chat",Yes,"Grado superior",Yes,Technology
No,Yes,45-55,"16-25 years",No,No,Male,"No, I did use it before, and use it now","10/02/2021 6:57:31",No,No,No,No,Vocational,Yes,"A chat with my students in the same course",Yes,"Grado superior",No,Technology
Yes,Yes,"> 55","> 25 years",No,No,Female,"Antes usaba Moodle","13/02/2021 8:08:12",No,No,No,No,Vocational,No,"A chat with my students in the same course",Yes,"Grado medio",Yes,Technology
