Agenda,ClassMaterial,Age,Experience,FAQ,Grades,Gender,"PostCOVID changes","Marca temporal",None,Other,OtherBot,Provided,Sector,Slack,"Messaging Organization",Telegram,Degrees,WhatsApp,Discipline
Yes,Yes,"Más de 55","más de 25 años",Yes,Yes,Hombre,"No, antes la usaba y ahora la sigo usando.","8/02/2021 13:30:30",No,No,No,No,University,No,"Un grupo con los estudiantes de mi asignatura",Yes,"Grado, Máster",No,Ingeniería
Yes,No,35-45,"15-25 años",Yes,No,"Prefiero no decirlo","No, antes la usaba y ahora la sigo usando.","8/02/2021 13:38:20",No,No,No,Yes,University,No,"Un grupo con los estudiantes de mi asignatura",Yes,"Grado, Máster, Doctorado",No,Ingeniería
Yes,Yes,35-45,"5-15 años",Yes,No,Hombre,"Sí, antes no usaba ningún tipo de plataforma de mensajería y ahora sí la uso.","8/02/2021 13:46:16",No,No,No,Yes,University,No,"Un grupo con los estudiantes de mi asignatura",Yes,"Grado, Máster, Títulos propios",No,Ingeniería
Yes,No,45-55,"más de 25 años",Yes,Yes,Hombre,"No, antes la usaba y ahora la sigo usando.","8/02/2021 14:04:00",No,No,No,Yes,University,No,"Un grupo con los estudiantes de mi asignatura",No,"Grado, Máster, Doctorado",No,Ingeniería
No,Yes,45-55,"más de 25 años",Yes,No,Hombre,"No, antes la usaba y ahora la sigo usando.","8/02/2021 14:08:46",No,No,No,Yes,University,No,"Un grupo con los estudiantes de mi asignatura",No,Grado,No,Ingeniería
Yes,Yes,"Más de 55","más de 25 años",Yes,Yes,Hombre,"No, antes la usaba y ahora la sigo usando.","8/02/2021 15:09:08",No,No,No,Yes,University,No,"Prefiero que los estudiantes se autoorganicen y no estar en ningún grupo de mensajería",No,Grado,No,"Ciencias Sociales"
Yes,No,25-35,"0-5 años",No,No,Mujer,"Sí, he cambiado de plataforma de mensajería a otras más seguras.","8/02/2021 15:23:24",No,No,No,Yes,University,No,"Prefiero que los estudiantes se autoorganicen y no estar en ningún grupo de mensajería",No,Grado,Yes,Biosanitaria
No,No,45-55,"15-25 años",No,No,Hombre,"No, antes la usaba y ahora la sigo usando.","8/02/2021 15:25:23",No,No,Yes,No,University,No,"Un grupo con los estudiantes de mi asignatura",Yes,"Grado, Máster, Doctorado",No,Ingeniería
Yes,Yes,35-45,"15-25 años",Yes,Yes,Hombre,"No, no la usaba antes ni ahora.","8/02/2021 15:43:54",No,Yes,No,Yes,University,No,"Un grupo con los estudiantes de mi asignatura",No,"Grado, Máster, Doctorado",No,Ingeniería
Yes,No,25-35,"0-5 años",Yes,No,Mujer,"No, antes la usaba y ahora la sigo usando.","8/02/2021 16:36:35",No,No,No,Yes,University,No,"Un grupo con los estudiantes de mi asignatura, Prefiero que los estudiantes se autoorganicen y no estar en ningún grupo de mensajería",No,Grado,No,Ingeniería
Yes,No,35-45,"5-15 años",Yes,No,Mujer,"Sí, antes no usaba ningún tipo de plataforma de mensajería y ahora sí la uso.","8/02/2021 17:07:57",No,No,No,Yes,University,No,"Un grupo con los estudiantes de mi asignatura",Yes,Grado,Yes,"Ciencias Sociales"
Yes,No,45-55,"15-25 años",No,No,Mujer,"No, antes la usaba y ahora la sigo usando.","8/02/2021 17:34:17",No,No,No,Yes,University,No,"Un grupo con los estudiantes de mi asignatura",Yes,"Grado, Máster",No,Ingeniería
Yes,No,25-35,"5-15 años",Yes,Yes,Hombre,"No, antes la usaba y ahora la sigo usando.","8/02/2021 17:42:23",No,No,No,Yes,University,No,"Un grupo con los estudiantes de mi asignatura, Un grupo para toda la titulación, Facultad o Escuela (profesores y estudiantes), Un grupo para el curso completo (profesores y estudiantes)",Yes,"Grado, Máster",No,Ingeniería
Yes,No,"Más de 55","15-25 años",No,No,"Prefiero no decirlo","No, antes la usaba y ahora la sigo usando.","8/02/2021 18:18:38",No,No,No,Yes,University,No,"Un grupo con los estudiantes de mi asignatura",Yes,"Grado, Máster",No,Ingeniería
No,No,"Más de 55","más de 25 años",Yes,Yes,Mujer,"No, antes la usaba y ahora la sigo usando.","8/02/2021 18:24:38",No,No,No,Yes,University,No,"Un grupo con los estudiantes de mi asignatura",No,"Grado, Máster",Yes,"Ciencias Sociales"
Yes,Yes,"Más de 55","15-25 años",No,No,Mujer,"Sí, he cambiado de plataforma de mensajería a otras más seguras.","8/02/2021 18:44:11",No,No,No,Yes,University,No,"Un grupo con los estudiantes de mi asignatura",No,"Grado, Máster",No,"Ciencias Sociales"
No,No,"Más de 55","más de 25 años",No,No,Hombre,"No, antes la usaba y ahora la sigo usando.","8/02/2021 19:00:09",No,No,Yes,Yes,University,No,"Un grupo con los estudiantes de mi asignatura, Un grupo para el curso completo (profesores y estudiantes)",No,"Grado, Máster",Yes,Ingeniería
Yes,No,45-55,"15-25 años",No,No,Hombre,"No, antes la usaba y ahora la sigo usando.","8/02/2021 19:07:53",No,No,No,No,University,No,"Un grupo con los estudiantes de mi asignatura",Yes,"Grado, Máster, Doctorado, Títulos propios",Yes,Ingeniería
Yes,No,"Más de 55","más de 25 años",No,No,Hombre,"No, antes la usaba y ahora la sigo usando.","8/02/2021 19:31:17",No,No,No,Yes,University,No,"Un grupo con los estudiantes de mi asignatura",No,Grado,No,Ingeniería
Yes,Yes,45-55,"más de 25 años",No,No,Hombre,"Sí, he cambiado de plataforma de mensajería a otras más seguras.","8/02/2021 19:32:21",No,Yes,No,Yes,University,No,"Un grupo con los estudiantes de mi asignatura",No,"Grado, Máster, Doctorado",No,Ingeniería
No,No,45-55,"más de 25 años",Yes,No,Hombre,"No, antes la usaba y ahora la sigo usando.","8/02/2021 19:49:35",No,No,No,Yes,University,No,"Prefiero que los estudiantes se autoorganicen y no estar en ningún grupo de mensajería",No,"Grado, Máster, Doctorado",No,Ingeniería
Yes,Yes,45-55,"más de 25 años",Yes,No,Hombre,"Sí, antes no usaba ningún tipo de plataforma de mensajería y ahora sí la uso.","8/02/2021 19:57:10",Yes,No,No,No,University,No,"Un grupo con los estudiantes de mi asignatura",No,"Grado, Máster",No,Ingeniería
Yes,Yes,45-55,"más de 25 años",No,Yes,"Prefiero no decirlo","No, antes la usaba y ahora la sigo usando.","8/02/2021 20:12:47",No,No,No,Yes,University,No,"Un grupo para el curso completo (profesores y estudiantes)",No,"Grado, Máster, Doctorado, Títulos propios",No,Ingeniería
Yes,No,25-35,"5-15 años",Yes,No,Mujer,"No, no la usaba antes ni ahora.","8/02/2021 21:21:56",No,No,No,Yes,University,No,"Prefiero que los estudiantes se autoorganicen y no estar en ningún grupo de mensajería",No,"Grado, Máster",Yes,Ingeniería
Yes,Yes,35-45,"15-25 años",No,No,Hombre,"No, antes la usaba y ahora la sigo usando.","8/02/2021 21:44:06",No,No,No,Yes,University,No,"Un grupo con los estudiantes de mi asignatura",No,"Grado, Máster",No,Ingeniería
Yes,No,35-45,"5-15 años",Yes,Yes,Hombre,"No, no la usaba antes ni ahora.","8/02/2021 21:53:08",Yes,No,No,No,University,No,"Prefiero que los estudiantes se autoorganicen y no estar en ningún grupo de mensajería",No,Grado,No,Ingeniería
Yes,No,35-45,"15-25 años",Yes,Yes,Hombre,"No, no la usaba antes ni ahora.","8/02/2021 23:33:57",No,No,No,No,University,No,"Un grupo con los estudiantes de mi asignatura",Yes,"Grado, Máster, Doctorado",Yes,Ingeniería
No,Yes,"Más de 55","15-25 años",No,No,Mujer,"No, antes la usaba y ahora la sigo usando.","9/02/2021 8:44:51",No,No,No,No,University,No,"Un grupo con los estudiantes de mi asignatura",Yes,"Grado, Máster",Yes,Ingeniería
Yes,Yes,35-45,"0-5 años",No,No,Mujer,"No, antes la usaba y ahora la sigo usando.","9/02/2021 10:12:33",No,No,No,Yes,University,No,"Un grupo con los estudiantes de mi asignatura",No,Grado,No,Ciencias
Yes,Yes,45-55,"15-25 años",Yes,Yes,Hombre,"No, antes la usaba y ahora la sigo usando.","9/02/2021 12:03:26",No,No,No,Yes,University,No,"Prefiero que los estudiantes se autoorganicen y no estar en ningún grupo de mensajería",No,"Grado, Máster",No,Ingeniería
Yes,No,45-55,"más de 25 años",Yes,No,Hombre,"No, antes la usaba y ahora la sigo usando.","9/02/2021 14:59:25",No,Yes,No,Yes,University,No,"Un grupo con los estudiantes de mi asignatura, Un grupo para toda la titulación, Facultad o Escuela (profesores y estudiantes), Un grupo para el curso completo (profesores y estudiantes)",No,Grado,No,Ingeniería
No,No,45-55,"15-25 años",No,No,Hombre,"No, antes la usaba y ahora la sigo usando.","9/02/2021 15:06:12",No,Yes,Yes,No,University,No,"Prefiero que los estudiantes se autoorganicen y no estar en ningún grupo de mensajería",No,"Grado, Máster",No,Ingeniería
No,No,35-45,"5-15 años",Yes,No,Hombre,"No, no la usaba antes ni ahora.","9/02/2021 15:09:03",Yes,No,No,No,University,No,"Prefiero que los estudiantes se autoorganicen y no estar en ningún grupo de mensajería",No,"Grado, Máster",Yes,Ingeniería
No,No,45-55,"5-15 años",No,No,Hombre,"Sí, he cambiado de plataforma de mensajería a otras más seguras.","9/02/2021 15:13:43",No,Yes,Yes,Yes,University,No,"Un grupo con los estudiantes de mi asignatura, Un grupo para toda la titulación, Facultad o Escuela (profesores y estudiantes)",No,Grado,No,Ingeniería
No,No,25-35,"5-15 años",No,No,Mujer,"Sí, antes no usaba ningún tipo de plataforma de mensajería y ahora sí la uso.","9/02/2021 15:13:57",No,Yes,Yes,No,University,No,"Un grupo con los estudiantes de mi asignatura",No,"Grado, Máster, Doctorado, Títulos propios",No,Ingeniería
Yes,Yes,35-45,"5-15 años",Yes,Yes,Hombre,"Sí, antes no usaba ningún tipo de plataforma de mensajería y ahora sí la uso.","9/02/2021 15:15:33",No,No,No,No,University,No,"Prefiero que los estudiantes se autoorganicen y no estar en ningún grupo de mensajería",No,"Grado, Máster",Yes,Ingeniería
No,No,45-55,"15-25 años",No,No,Hombre,"No, no la usaba antes ni ahora.","9/02/2021 15:43:18",Yes,No,Yes,No,University,No,"Prefiero que los estudiantes se autoorganicen y no estar en ningún grupo de mensajería",No,Grado,No,Ingeniería
Yes,No,35-45,"5-15 años",Yes,No,Hombre,"No, antes la usaba y ahora la sigo usando.","9/02/2021 16:06:33",No,Yes,No,No,University,No,"Un grupo con los estudiantes de mi asignatura",No,"Grado, Máster",No,Ingeniería
Yes,No,45-55,"15-25 años",Yes,Yes,Hombre,"Sí, he cambiado de plataforma de mensajería a otras más seguras.","9/02/2021 16:28:27",No,No,No,Yes,University,No,"Un grupo para el curso completo (profesores y estudiantes)",No,"Grado, Doctorado",No,Ingeniería
Yes,No,25-35,"5-15 años",No,No,Mujer,"No, no la usaba antes ni ahora.","9/02/2021 16:32:35",Yes,No,No,No,University,No,"Prefiero que los estudiantes se autoorganicen y no estar en ningún grupo de mensajería",No,"Grado, Máster, Títulos propios",No,Ingeniería
Yes,Yes,35-45,"5-15 años",Yes,Yes,Hombre,"No, no la usaba antes ni ahora.","9/02/2021 17:38:40",No,No,No,No,University,No,"Un grupo para toda la titulación, Facultad o Escuela (profesores y estudiantes)",No,Grado,Yes,Ingeniería
Yes,No,25-35,"0-5 años",Yes,Yes,Hombre,"No, antes la usaba y ahora la sigo usando.","9/02/2021 18:19:45",No,No,No,Yes,University,No,"Un grupo con los estudiantes de mi asignatura, Un grupo para el curso completo (profesores y estudiantes)",No,Grado,No,Ingeniería
No,No,45-55,"5-15 años",No,No,Hombre,"No, antes la usaba y ahora la sigo usando.","9/02/2021 18:53:17",No,Yes,Yes,No,University,No,"Un grupo con los estudiantes de mi asignatura",No,Grado,No,Ingeniería
Yes,Yes,25-35,"5-15 años",No,No,Hombre,"No, antes la usaba y ahora la sigo usando.","9/02/2021 19:14:35",Yes,No,No,No,University,No,"Un grupo con los estudiantes de mi asignatura, Un grupo para el curso completo (profesores y estudiantes)",No,Grado,No,Ciencias
Yes,No,25-35,"0-5 años",Yes,Yes,Mujer,"Sí, he cambiado de plataforma de mensajería a otras más seguras.","9/02/2021 19:19:42",No,Yes,No,No,University,No,"Un grupo con los estudiantes de mi asignatura, Un grupo para toda la titulación, Facultad o Escuela (profesores y estudiantes)",No,Máster,No,Ingeniería
No,Yes,45-55,"15-25 años",No,No,Hombre,"No, antes la usaba y ahora la sigo usando.","9/02/2021 20:01:36",No,Yes,No,No,University,No,"Un grupo con los estudiantes de mi asignatura",No,Máster,No,Ingeniería
Yes,No,45-55,"0-5 años",No,Yes,Hombre,"No, antes la usaba y ahora la sigo usando.","9/02/2021 20:16:10",No,No,No,Yes,University,No,"Un grupo con los estudiantes de mi asignatura",No,Grado,No,Ingeniería
Yes,Yes,35-45,"15-25 años",Yes,No,Mujer,"Sí, antes no usaba ningún tipo de plataforma de mensajería y ahora sí la uso.","9/02/2021 20:16:43",No,No,No,Yes,University,No,"Un grupo con los estudiantes de mi asignatura",No,Doctorado,No,Ingeniería
Yes,No,35-45,"5-15 años",No,No,Mujer,"Sí, antes no usaba ningún tipo de plataforma de mensajería y ahora sí la uso.","9/02/2021 20:27:14",No,No,No,No,University,No,"Un grupo con los estudiantes de mi asignatura, Un grupo para el curso completo (profesores y estudiantes)",No,Grado,Yes,Ingeniería
Yes,Yes,25-35,"5-15 años",Yes,No,Hombre,"Antes solía emplear el foro de Moodle y ahora también uso Teams ","9/02/2021 20:27:23",No,Yes,No,No,University,No,"Un grupo con los estudiantes de mi asignatura",No,Grado,No,Ingeniería
Yes,No,45-55,"0-5 años",No,No,Mujer,"Sí, antes no usaba ningún tipo de plataforma de mensajería y ahora sí la uso.","9/02/2021 20:50:35",No,No,No,No,University,No,"Un grupo con los estudiantes de mi asignatura",No,Grado,Yes,"Ciencias Sociales"
No,No,45-55,"15-25 años",No,Yes,Mujer,"No, antes la usaba y ahora la sigo usando.","9/02/2021 20:51:13",No,Yes,No,No,University,No,"Un grupo con los estudiantes de mi asignatura, Un grupo para toda la titulación, Facultad o Escuela (profesores y estudiantes)",Yes,"Grado, Máster, Títulos propios",No,Ingeniería
Yes,Yes,35-45,"15-25 años",No,No,Mujer,"Sí, antes no usaba ningún tipo de plataforma de mensajería y ahora sí la uso.","9/02/2021 20:51:30",Yes,No,No,No,University,No,"Prefiero que los estudiantes se autoorganicen y no estar en ningún grupo de mensajería",No,Máster,No,Ciencias
Yes,Yes,25-35,"5-15 años",No,No,Mujer,"No, antes la usaba y ahora la sigo usando.","9/02/2021 21:04:34",No,Yes,Yes,No,University,No,"Un grupo con los estudiantes de mi asignatura",No,Grado,No,Ingeniería
No,Yes,25-35,"0-5 años",No,No,Mujer,"No, antes la usaba y ahora la sigo usando.","9/02/2021 21:15:44",No,No,No,No,University,No,"Un grupo con los estudiantes de mi asignatura",No,Grado,Yes,Ingeniería
No,Yes,35-45,"15-25 años",Yes,Yes,Hombre,"No, antes la usaba y ahora la sigo usando.","9/02/2021 22:00:50",No,Yes,No,No,University,No,"Prefiero que los estudiantes se autoorganicen y no estar en ningún grupo de mensajería",No,"Grado, Máster",Yes,Ingeniería
No,No,35-45,"0-5 años",No,Yes,Hombre,"Sí, antes no usaba ningún tipo de plataforma de mensajería y ahora sí la uso.","9/02/2021 22:15:38",No,No,No,No,University,No,"Un grupo con los estudiantes de mi asignatura",No,Grado,Yes,Ingeniería
Yes,No,35-45,"5-15 años",Yes,Yes,Mujer,"Sí, antes no usaba ningún tipo de plataforma de mensajería y ahora sí la uso.","10/02/2021 6:10:32",No,No,No,Yes,University,No,"Un grupo con los estudiantes de mi asignatura",Yes,"Grado, Máster, Doctorado",Yes,"Ciencias Sociales"
Yes,Yes,45-55,"más de 25 años",Yes,No,Hombre,"No, no la usaba antes ni ahora.","10/02/2021 9:06:54",Yes,No,No,No,University,No,"Un grupo con los estudiantes de mi asignatura",No,"Grado, Máster, Doctorado, Títulos propios",No,"Ciencias Sociales"
Yes,No,45-55,"15-25 años",No,Yes,Hombre,"No, antes la usaba y ahora la sigo usando.","10/02/2021 9:14:01",No,No,No,Yes,University,No,"Prefiero que los estudiantes se autoorganicen y no estar en ningún grupo de mensajería",No,"Grado, Máster, Títulos propios",No,"Ciencias Sociales"
No,No,45-55,"más de 25 años",Yes,No,Mujer,"No, antes la usaba y ahora la sigo usando.","10/02/2021 11:09:13",No,No,No,Yes,University,No,"Un grupo con los estudiantes de mi asignatura",No,Grado,No,Ciencias
Yes,No,35-45,"15-25 años",No,Yes,Hombre,"Sí, antes no usaba ningún tipo de plataforma de mensajería y ahora sí la uso.","10/02/2021 11:14:52",No,No,No,Yes,University,No,"Un grupo con los estudiantes de mi asignatura",Yes,"Grado, Máster",Yes,Ingeniería
No,No,25-35,"0-5 años",No,No,Hombre,"No, antes la usaba y ahora la sigo usando.","10/02/2021 11:15:11",No,No,Yes,Yes,University,No,"Un grupo con los estudiantes de mi asignatura, Prefiero que los estudiantes se autoorganicen y no estar en ningún grupo de mensajería",Yes,Grado,Yes,Ingeniería
Yes,No,25-35,"0-5 años",No,Yes,Hombre,"Sí, he cambiado de plataforma de mensajería a otras más seguras.","10/02/2021 11:20:58",No,Yes,No,Yes,University,No,"Un grupo con los estudiantes de mi asignatura",Yes,Grado,No,Ingeniería
No,No,45-55,"15-25 años",No,No,Mujer,"No, antes la usaba y ahora la sigo usando.","10/02/2021 11:21:07",No,No,Yes,Yes,University,No,"Un grupo con los estudiantes de mi asignatura",No,"Grado, Máster",No,Ingeniería
No,No,45-55,"más de 25 años",Yes,No,Hombre,"Sí, he cambiado de plataforma de mensajería a otras más seguras.","10/02/2021 11:22:26",No,No,No,Yes,University,No,"Un grupo con los estudiantes de mi asignatura",No,Grado,No,Ingeniería
No,No,35-45,"5-15 años",Yes,Yes,Hombre,"No, no la usaba antes ni ahora.","10/02/2021 11:25:19",No,No,No,Yes,University,No,"Prefiero que los estudiantes se autoorganicen y no estar en ningún grupo de mensajería",No,"Grado, Máster, Doctorado",No,Ingeniería
Yes,Yes,35-45,"0-5 años",Yes,Yes,Hombre,"No, no la usaba antes ni ahora.","10/02/2021 11:27:17",No,No,No,No,University,No,"Prefiero que los estudiantes se autoorganicen y no estar en ningún grupo de mensajería",No,"Grado, Máster",Yes,Ingeniería
No,Yes,35-45,"5-15 años",No,No,Hombre,"No, antes la usaba y ahora la sigo usando.","10/02/2021 11:36:06",No,No,No,Yes,University,No,"Un grupo para el curso completo (profesores y estudiantes)",No,"Grado, Máster, Doctorado, Títulos propios",No,Ingeniería
Yes,No,25-35,"0-5 años",Yes,Yes,Hombre,"No, antes la usaba y ahora la sigo usando.","10/02/2021 11:43:14",No,No,No,No,University,Yes,"Prefiero que los estudiantes se autoorganicen y no estar en ningún grupo de mensajería",No,Grado,Yes,Ingeniería
Yes,Yes,35-45,"5-15 años",Yes,Yes,Hombre,"No, antes la usaba y ahora la sigo usando.","10/02/2021 11:44:40",No,No,No,Yes,University,No,"Un grupo con los estudiantes de mi asignatura",No,"Grado, Máster",No,Ingeniería
No,No,"Más de 55","más de 25 años",No,No,Hombre,"No, antes la usaba y ahora la sigo usando.","10/02/2021 11:44:41",No,No,Yes,Yes,University,No,"Un grupo para el curso completo (profesores y estudiantes)",No,"Grado, Máster",No,Ingeniería
No,No,35-45,"0-5 años",Yes,No,Hombre,"No, no la usaba antes ni ahora.","10/02/2021 11:48:14",No,No,No,Yes,University,No,"Prefiero que los estudiantes se autoorganicen y no estar en ningún grupo de mensajería",No,"Grado, Máster",Yes,Ingeniería
No,No,"Más de 55","más de 25 años",No,No,Hombre,"Sí, antes no usaba ningún tipo de plataforma de mensajería y ahora sí la uso.","10/02/2021 11:56:59",No,No,Yes,Yes,University,No,"Prefiero que los estudiantes se autoorganicen y no estar en ningún grupo de mensajería",No,Grado,Yes,"Ciencias Sociales"
Yes,No,35-45,"15-25 años",Yes,Yes,Hombre,"No, antes la usaba y ahora la sigo usando.","10/02/2021 12:58:48",No,No,No,Yes,University,No,"Un grupo con los estudiantes de mi asignatura, Prefiero que los estudiantes se autoorganicen y no estar en ningún grupo de mensajería",Yes,"Grado, Máster, Doctorado",No,Ingeniería
Yes,No,45-55,"más de 25 años",No,Yes,Hombre,"No, no la usaba antes ni ahora.","10/02/2021 13:27:00",Yes,No,No,No,University,No,"Prefiero que los estudiantes se autoorganicen y no estar en ningún grupo de mensajería",No,Grado,No,Humanidades
No,No,45-55,"5-15 años",No,Yes,Hombre,"No, antes la usaba y ahora la sigo usando.","10/02/2021 13:35:21",No,No,No,Yes,University,No,"Prefiero que los estudiantes se autoorganicen y no estar en ningún grupo de mensajería",No,"Grado, Máster",No,Ingeniería
Yes,No,35-45,"5-15 años",Yes,No,Hombre,"Sí, antes no usaba ningún tipo de plataforma de mensajería y ahora sí la uso.","10/02/2021 13:45:32",No,No,No,No,University,No,"Un grupo con los estudiantes de mi asignatura",Yes,Grado,No,Ingeniería
No,Yes,35-45,"15-25 años",No,No,Hombre,"No, antes la usaba y ahora la sigo usando.","10/02/2021 13:48:05",No,No,No,No,University,No,"Un grupo con los estudiantes de mi asignatura",Yes,"Grado, Máster, Títulos propios",No,Ingeniería
Yes,Yes,45-55,"15-25 años",Yes,Yes,Hombre,"Antes las usabas, pero ahora con mayor frecuencia.","10/02/2021 14:17:45",No,No,Yes,Yes,University,No,"Un grupo con los estudiantes de mi asignatura, Un grupo para el curso completo (profesores y estudiantes)",Yes,"Grado, Máster",Yes,Ciencias
Yes,Yes,45-55,"más de 25 años",No,Yes,Mujer,"No, antes la usaba y ahora la sigo usando.","10/02/2021 15:39:56",No,No,No,Yes,University,No,"Un grupo con los estudiantes de mi asignatura",Yes,"Grado, Máster, Doctorado",Yes,Ingeniería
Yes,No,35-45,"5-15 años",Yes,Yes,Hombre,"No, antes la usaba y ahora la sigo usando.","10/02/2021 15:56:01",No,No,No,Yes,University,No,"Un grupo con los estudiantes de mi asignatura",No,"Grado, Máster",No,Ingeniería
No,Yes,35-45,"5-15 años",No,No,Mujer,"Sí, he cambiado de plataforma de mensajería a otras más seguras.","10/02/2021 18:37:01",No,No,No,No,University,No,"Un grupo con los estudiantes de mi asignatura",Yes,Doctorado,Yes,Ingeniería
Yes,No,25-35,"0-5 años",No,No,Mujer,"Sí, antes no usaba ningún tipo de plataforma de mensajería y ahora sí la uso.","10/02/2021 18:53:54",No,No,No,No,University,No,"Un grupo para el curso completo (profesores y estudiantes)",No,Grado,Yes,Humanidades
No,Yes,45-55,"15-25 años",Yes,Yes,Mujer,"No, antes la usaba y ahora la sigo usando.","10/02/2021 19:05:52",No,No,No,No,University,No,"Un grupo para toda la titulación, Facultad o Escuela (profesores y estudiantes), Un grupo para el curso completo (profesores y estudiantes)",No,"Grado, Máster",Yes,"Ciencias Sociales"
No,No,35-45,"5-15 años",Yes,No,Hombre,"No, antes la usaba y ahora la sigo usando.","10/02/2021 19:22:21",No,No,No,No,University,No,"Un grupo con los estudiantes de mi asignatura",No,Grado,Yes,Ciencias
Yes,No,45-55,"más de 25 años",No,Yes,Hombre,"No, antes la usaba y ahora la sigo usando.","10/02/2021 19:22:31",No,Yes,No,No,University,No,"Un grupo para toda la titulación, Facultad o Escuela (profesores y estudiantes), Un grupo para el curso completo (profesores y estudiantes)",No,"Grado, Máster",Yes,Ciencias
No,Yes,45-55,"5-15 años",No,No,Hombre,"No, antes la usaba y ahora la sigo usando.","10/02/2021 19:24:01",No,No,No,Yes,University,No,"Un grupo para el curso completo (profesores y estudiantes)",No,Máster,Yes,"Ciencias Sociales"
No,No,45-55,"5-15 años",Yes,No,Mujer,"Sí, he cambiado de plataforma de mensajería a otras más seguras.","10/02/2021 19:24:15",No,Yes,No,No,University,No,"Un grupo para toda la titulación, Facultad o Escuela (profesores y estudiantes)",No,Grado,Yes,Ciencias
Yes,Yes,45-55,"15-25 años",Yes,Yes,Hombre,"Sí, he cambiado de plataforma de mensajería a otras más seguras.","10/02/2021 19:25:16",No,Yes,No,No,University,No,"Un grupo con los estudiantes de mi asignatura, Un grupo para el curso completo (profesores y estudiantes)",Yes,Grado,Yes,"Ciencias Sociales"
Yes,No,45-55,"15-25 años",No,No,Hombre,"Sí, he cambiado de plataforma de mensajería a otras más seguras.","10/02/2021 19:55:11",No,No,No,No,University,No,"Prefiero que los estudiantes se autoorganicen y no estar en ningún grupo de mensajería",No,Grado,Yes,"Ciencias Sociales"
No,No,35-45,"5-15 años",Yes,Yes,Hombre,"No, antes la usaba y ahora la sigo usando.","10/02/2021 20:13:11",No,No,No,Yes,University,No,"Un grupo para el curso completo (profesores y estudiantes)",No,Doctorado,No,"Ciencias Sociales"
No,No,45-55,"más de 25 años",Yes,No,Mujer,"No, antes la usaba y ahora la sigo usando.","10/02/2021 20:24:25",No,No,No,No,University,No,"Un grupo con los estudiantes de mi asignatura",No,Máster,Yes,"Ciencias Sociales"
No,Yes,"Más de 55","5-15 años",No,No,Mujer,"Sí, antes no usaba ningún tipo de plataforma de mensajería y ahora sí la uso.","10/02/2021 20:42:24",No,No,No,Yes,University,No,"Un grupo para el curso completo (profesores y estudiantes)",No,Grado,No,Humanidades
No,Yes,"Más de 55","5-15 años",Yes,Yes,Hombre,"No, antes la usaba y ahora la sigo usando.","10/02/2021 20:46:44",No,No,No,No,University,No,"Un grupo con los estudiantes de mi asignatura",No,"Grado, Máster",Yes,Ciencias
Yes,Yes,25-35,"5-15 años",No,Yes,Mujer,"No, antes la usaba y ahora la sigo usando.","10/02/2021 20:49:35",No,No,No,Yes,University,No,"Un grupo con los estudiantes de mi asignatura, Un grupo para el curso completo (profesores y estudiantes)",No,Grado,Yes,"Ciencias Sociales"
No,Yes,"Más de 55","0-5 años",No,No,Hombre,"No, antes la usaba y ahora la sigo usando.","10/02/2021 20:51:20",No,No,No,No,University,No,"Un grupo con los estudiantes de mi asignatura",No,"Grado, Máster",Yes,Ciencias
Yes,Yes,35-45,"5-15 años",Yes,Yes,Hombre,"No, antes la usaba y ahora la sigo usando.","10/02/2021 20:54:18",No,No,No,No,University,No,"Un grupo para el curso completo (profesores y estudiantes)",No,"Grado, Máster",Yes,"Ciencias Sociales"
No,No,35-45,"0-5 años",Yes,No,Mujer,"No, antes la usaba y ahora la sigo usando.","10/02/2021 20:57:05",No,No,No,No,University,No,"Un grupo con los estudiantes de mi asignatura",Yes,Grado,Yes,"Ciencias Sociales"
No,No,35-45,"0-5 años",No,Yes,Hombre,"No, antes la usaba y ahora la sigo usando.","10/02/2021 20:57:12",No,No,No,No,University,No,"Prefiero que los estudiantes se autoorganicen y no estar en ningún grupo de mensajería",No,"Grado, Máster",Yes,"Ciencias Sociales"
Yes,No,25-35,"5-15 años",Yes,Yes,Hombre,"Sí, antes no usaba ningún tipo de plataforma de mensajería y ahora sí la uso.","10/02/2021 21:03:01",No,No,No,No,University,No,"Un grupo con los estudiantes de mi asignatura",No,Máster,Yes,"Ciencias Sociales"
No,Yes,"Más de 55","más de 25 años",No,No,Hombre,"No, antes la usaba y ahora la sigo usando.","10/02/2021 21:03:28",Yes,No,No,No,University,No,"Un grupo con los estudiantes de mi asignatura",No,Máster,Yes,"Ciencias Sociales"
No,Yes,45-55,"5-15 años",No,No,Hombre,"No, antes la usaba y ahora la sigo usando.","10/02/2021 21:04:31",No,No,No,No,University,No,"Un grupo con los estudiantes de mi asignatura, Un grupo para el curso completo (profesores y estudiantes)",No,Grado,Yes,"Ciencias Sociales"
Yes,Yes,35-45,"0-5 años",No,No,Hombre,"No, antes la usaba y ahora la sigo usando.","10/02/2021 21:07:18",No,No,No,No,University,No,"Un grupo con los estudiantes de mi asignatura, Un grupo para toda la titulación, Facultad o Escuela (profesores y estudiantes), Un grupo para el curso completo (profesores y estudiantes)",No,Grado,Yes,Ingeniería
Yes,Yes,"Más de 55","más de 25 años",Yes,Yes,Mujer,"No, antes la usaba y ahora la sigo usando.","10/02/2021 21:34:34",No,Yes,No,No,University,No,"Un grupo para el curso completo (profesores y estudiantes)",No,"Títulos propios",No,Ciencias
Yes,No,45-55,"5-15 años",No,No,Hombre,"No, no la usaba antes ni ahora.","10/02/2021 21:52:53",No,Yes,No,No,University,No,"Un grupo con los estudiantes de mi asignatura",No,Grado,No,"Ciencias Sociales"
No,Yes,35-45,"5-15 años",Yes,Yes,Hombre,"Sí, he cambiado de plataforma de mensajería a otras más seguras.","11/02/2021 4:19:23",No,Yes,No,Yes,University,No,"Un grupo con los estudiantes de mi asignatura",No,Grado,No,Ciencias
Yes,No,45-55,"5-15 años",Yes,No,Hombre,"No, antes la usaba y ahora la sigo usando.","11/02/2021 5:09:57",No,Yes,No,No,University,No,"Un grupo con los estudiantes de mi asignatura, Un grupo para el curso completo (profesores y estudiantes)",No,Grado,Yes,"Ciencias Sociales"
Yes,No,35-45,"5-15 años",No,Yes,Hombre,"Sí, antes no usaba ningún tipo de plataforma de mensajería y ahora sí la uso.","11/02/2021 8:09:40",No,No,No,Yes,University,No,"Un grupo con los estudiantes de mi asignatura",No,"Grado, Máster",No,Ingeniería
Yes,Yes,35-45,"5-15 años",No,No,Hombre,"He intensificado el uso.","11/02/2021 11:07:16",No,No,No,Yes,University,No,"Un grupo con los estudiantes de mi asignatura",No,"Grado, Máster, Doctorado, Títulos propios",No,Ingeniería
Yes,No,45-55,"15-25 años",Yes,No,Hombre,"Sí, me ha hecho tener que usar las herramientas con más frecuencia, y extender mi conocimiento de las herramientas disponibles.","11/02/2021 12:55:26",No,Yes,No,No,University,Yes,"Un grupo con los estudiantes de mi asignatura",No,"Grado, Doctorado, Títulos propios",No,Ingeniería
Yes,No,35-45,"5-15 años",No,Yes,Mujer,"No, antes la usaba y ahora la sigo usando.","11/02/2021 14:36:37",No,No,No,No,University,No,"Un grupo con los estudiantes de mi asignatura, Un grupo para toda la titulación, Facultad o Escuela (profesores y estudiantes)",Yes,"Grado, Máster",No,"Ciencias Sociales"
Yes,Yes,25-35,"5-15 años",No,No,Mujer,"No, antes la usaba y ahora la sigo usando.","11/02/2021 15:29:23",No,Yes,No,No,University,No,"Un grupo con los estudiantes de mi asignatura, Prefiero que los estudiantes se autoorganicen y no estar en ningún grupo de mensajería, Un grupo para toda la titulación, Facultad o Escuela (profesores y estudiantes), Un grupo para el curso completo (profesores y estudiantes)",Yes,Grado,Yes,Ingeniería
Yes,No,25-35,"0-5 años",No,Yes,Hombre,"No, no la usaba antes ni ahora.","11/02/2021 18:58:55",No,No,No,Yes,University,No,"Prefiero que los estudiantes se autoorganicen y no estar en ningún grupo de mensajería",Yes,"Grado, Máster, Doctorado",Yes,Ingeniería
Yes,No,35-45,"15-25 años",No,Yes,Hombre,"No, antes la usaba y ahora la sigo usando.","11/02/2021 19:01:56",No,No,No,Yes,University,No,"Un grupo con los estudiantes de mi asignatura",No,"Grado, Máster",No,Ingeniería
Yes,No,35-45,"5-15 años",No,Yes,Hombre,"No, antes la usaba y ahora la sigo usando.","11/02/2021 19:07:15",No,Yes,No,Yes,University,No,"Un grupo con los estudiantes de mi asignatura, Un grupo para el curso completo (profesores y estudiantes)",No,Grado,Yes,Ciencias
Yes,Yes,25-35,"5-15 años",Yes,Yes,Hombre,"No, antes la usaba y ahora la sigo usando.","11/02/2021 19:32:28",No,No,No,Yes,University,No,"Un grupo con los estudiantes de mi asignatura",No,"Grado, Máster, Doctorado",No,Ingeniería
Yes,Yes,25-35,"0-5 años",No,Yes,Hombre,"No, antes la usaba y ahora la sigo usando.","11/02/2021 19:51:00",No,No,No,Yes,University,Yes,"Un grupo con los estudiantes de mi asignatura",Yes,Grado,No,Ingeniería
No,Yes,35-45,"0-5 años",Yes,No,Hombre,"No, antes la usaba y ahora la sigo usando.","11/02/2021 19:52:53",No,No,No,Yes,University,No,"Prefiero que los estudiantes se autoorganicen y no estar en ningún grupo de mensajería",No,"Grado, Máster",No,Ingeniería
No,No,35-45,"0-5 años",Yes,No,Hombre,"No, antes la usaba y ahora la sigo usando.","11/02/2021 21:08:45",No,No,No,Yes,University,No,"Prefiero que los estudiantes se autoorganicen y no estar en ningún grupo de mensajería",Yes,Grado,Yes,Ingeniería
Yes,No,35-45,"5-15 años",Yes,Yes,Hombre,"No, antes la usaba y ahora la sigo usando.","11/02/2021 22:44:14",No,No,No,Yes,University,No,"Un grupo con los estudiantes de mi asignatura, Un grupo para el curso completo (profesores y estudiantes)",No,"Grado, Máster, Doctorado",No,Ingeniería
No,Yes,25-35,"5-15 años",Yes,No,Hombre,"No, antes la usaba y ahora la sigo usando.","12/02/2021 0:04:28",No,Yes,No,No,University,No,"Un grupo para el curso completo (profesores y estudiantes)",Yes,Grado,No,Ciencias
Yes,No,25-35,"0-5 años",No,Yes,Hombre,"No, antes la usaba y ahora la sigo usando.","12/02/2021 0:28:13",No,Yes,No,No,University,No,"Un grupo para el curso completo (profesores y estudiantes)",No,Grado,No,Ingeniería
Yes,Yes,45-55,"15-25 años",Yes,No,Mujer,"No, no la usaba antes ni ahora.","12/02/2021 1:43:50",Yes,No,No,No,University,No,"Prefiero que los estudiantes se autoorganicen y no estar en ningún grupo de mensajería",No,Grado,No,"Ciencias Sociales"
No,No,45-55,"15-25 años",No,Yes,Hombre,"Sí, he cambiado de plataforma de mensajería a otras más seguras.","12/02/2021 1:57:23",No,No,No,No,University,No,"Prefiero que los estudiantes se autoorganicen y no estar en ningún grupo de mensajería, Un grupo para toda la titulación, Facultad o Escuela (profesores y estudiantes)",No,Grado,Yes,"Ciencias Sociales"
No,Yes,45-55,"5-15 años",No,No,Mujer,"No, antes la usaba y ahora la sigo usando.","12/02/2021 2:31:53",No,No,No,Yes,University,No,"Un grupo con los estudiantes de mi asignatura",No,Máster,No,"Ciencias Sociales"
Yes,Yes,"Más de 55","más de 25 años",Yes,Yes,Hombre,"No, antes la usaba y ahora la sigo usando.","12/02/2021 9:15:34",No,Yes,No,Yes,University,No,"Un grupo con los estudiantes de mi asignatura",No,"Grado, Máster, Doctorado",No,Ingeniería
Yes,Yes,35-45,"5-15 años",Yes,No,Hombre,"No, antes la usaba y ahora la sigo usando.","12/02/2021 9:58:08",No,No,No,Yes,University,Yes,"Prefiero que los estudiantes se autoorganicen y no estar en ningún grupo de mensajería",No,"Grado, Máster, Doctorado",Yes,Ingeniería
Yes,No,25-35,"0-5 años",Yes,Yes,Hombre,"No, antes la usaba y ahora la sigo usando.","12/02/2021 10:42:47",No,No,No,Yes,University,No,"Prefiero que los estudiantes se autoorganicen y no estar en ningún grupo de mensajería",Yes,Grado,Yes,Ciencias
Yes,No,35-45,"5-15 años",Yes,Yes,Hombre,"No, antes la usaba y ahora la sigo usando.","12/02/2021 14:49:40",Yes,No,No,Yes,University,No,"Prefiero que los estudiantes se autoorganicen y no estar en ningún grupo de mensajería",No,Grado,No,Ciencias
No,Yes,25-35,"0-5 años",No,No,Hombre,"No, antes la usaba y ahora la sigo usando.","12/02/2021 16:19:59",No,No,No,Yes,University,No,"Un grupo para el curso completo (profesores y estudiantes)",No,Grado,No,"Ciencias Sociales"
Yes,Yes,25-35,"5-15 años",Yes,No,Mujer,"Sí, he cambiado de plataforma de mensajería a otras más seguras.","12/02/2021 16:47:36",No,Yes,No,No,University,No,"Un grupo para el curso completo (profesores y estudiantes)",No,Grado,No,"Ciencias Sociales"
Yes,Yes,"Más de 55","15-25 años",Yes,Yes,Hombre,"No, antes la usaba y ahora la sigo usando.","12/02/2021 16:59:17",No,Yes,No,Yes,University,No,"Un grupo con los estudiantes de mi asignatura",No,Máster,No,Ciencias
No,Yes,45-55,"15-25 años",No,No,Mujer,"Sí, he cambiado de plataforma de mensajería a otras más seguras.","12/02/2021 23:41:42",No,No,No,No,University,No,"Un grupo para el curso completo (profesores y estudiantes)",Yes,Grado,Yes,"Ciencias Sociales"
No,Yes,45-55,"15-25 años",No,No,Hombre,"Sí, antes no usaba ningún tipo de plataforma de mensajería y ahora sí la uso.","13/02/2021 19:34:16",No,No,No,Yes,University,No,"Prefiero que los estudiantes se autoorganicen y no estar en ningún grupo de mensajería",No,Grado,No,Ingeniería
Yes,Yes,45-55,"más de 25 años",Yes,Yes,Hombre,"No, antes la usaba y ahora la sigo usando.","15/02/2021 1:40:15",No,Yes,No,Yes,University,No,"Un grupo para el curso completo (profesores y estudiantes)",No,Máster,Yes,"Ciencias Sociales"
No,No,45-55,"15-25 años",No,Yes,Hombre,"Sí, he cambiado de plataforma de mensajería a otras más seguras.","15/02/2021 10:24:25",No,No,No,Yes,University,No,"Un grupo para el curso completo (profesores y estudiantes)",No,"Grado, Máster, Doctorado",No,"Ciencias Sociales"
Yes,Yes,25-35,"0-5 años",Yes,Yes,Mujer,"Sí, he cambiado de plataforma de mensajería a otras más seguras.","15/02/2021 10:26:06",No,No,No,Yes,University,No,"Un grupo con los estudiantes de mi asignatura",Yes,Grado,No,"Ciencias Sociales"
Yes,Yes,25-35,"0-5 años",Yes,No,Mujer,"Sí, he cambiado de plataforma de mensajería a otras más seguras.","15/02/2021 10:28:32",No,No,No,Yes,University,No,"Un grupo con los estudiantes de mi asignatura, Un grupo para el curso completo (profesores y estudiantes)",Yes,Grado,No,Humanidades
Yes,Yes,25-35,"0-5 años",Yes,Yes,Mujer,"Sí, antes no usaba ningún tipo de plataforma de mensajería y ahora sí la uso.","15/02/2021 10:32:54",No,No,No,Yes,University,No,"Un grupo con los estudiantes de mi asignatura",No,Grado,Yes,"Ciencias Sociales"
No,No,25-35,"0-5 años",Yes,Yes,Hombre,"No, no la usaba antes ni ahora.","15/02/2021 10:59:41",No,No,No,No,University,No,"Prefiero que los estudiantes se autoorganicen y no estar en ningún grupo de mensajería",No,Grado,Yes,Ingeniería
Yes,No,25-35,"5-15 años",Yes,Yes,Hombre,"No, no la usaba antes ni ahora.","15/02/2021 11:50:01",No,Yes,No,No,University,No,"Prefiero que los estudiantes se autoorganicen y no estar en ningún grupo de mensajería",Yes,"Grado, Títulos propios",Yes,Ingeniería
Yes,No,"Más de 55","más de 25 años",No,No,Mujer,"Sí, he cambiado de plataforma de mensajería a otras más seguras.","15/02/2021 12:25:12",No,No,No,No,University,No,"Un grupo con los estudiantes de mi asignatura",No,Grado,Yes,Ciencias
Yes,No,25-35,"0-5 años",Yes,No,Mujer,"Sí, he cambiado de plataforma de mensajería a otras más seguras.","15/02/2021 13:16:37",No,No,No,Yes,University,Yes,"Un grupo con los estudiantes de mi asignatura, Un grupo para el curso completo (profesores y estudiantes)",No,"Grado, Máster, Doctorado",Yes,Biosanitaria
Yes,Yes,45-55,"más de 25 años",Yes,Yes,Hombre,"No, antes la usaba y ahora la sigo usando.","15/02/2021 16:19:38",No,No,No,No,University,No,"Un grupo con los estudiantes de mi asignatura",Yes,"Grado, Máster",Yes,"Ciencias Sociales"
Yes,Yes,35-45,"5-15 años",Yes,Yes,Hombre,"No, antes la usaba y ahora la sigo usando.","15/02/2021 19:33:48",No,No,No,Yes,University,No,"Un grupo con los estudiantes de mi asignatura",No,"Grado, Máster, Doctorado",Yes,Biosanitaria
Yes,No,25-35,"0-5 años",No,Yes,Mujer,"No, antes la usaba y ahora la sigo usando.","15/02/2021 19:46:46",No,No,No,No,University,No,"Un grupo con los estudiantes de mi asignatura, Prefiero que los estudiantes se autoorganicen y no estar en ningún grupo de mensajería",No,Grado,Yes,Ciencias
Yes,Yes,25-35,"0-5 años",Yes,Yes,Hombre,"No, antes la usaba y ahora la sigo usando.","15/02/2021 19:59:28",No,No,No,Yes,University,No,"Prefiero que los estudiantes se autoorganicen y no estar en ningún grupo de mensajería",No,Grado,No,Ingeniería
No,Yes,25-35,"0-5 años",Yes,No,"Prefiero no decirlo","Sí, antes no usaba ningún tipo de plataforma de mensajería y ahora sí la uso.","15/02/2021 19:59:29",No,No,No,Yes,University,No,"Un grupo con los estudiantes de mi asignatura",No,Grado,No,Ingeniería
Yes,Yes,35-45,"0-5 años",Yes,Yes,Mujer,"No, antes la usaba y ahora la sigo usando.","15/02/2021 20:21:55",No,No,No,Yes,University,No,"Prefiero que los estudiantes se autoorganicen y no estar en ningún grupo de mensajería",No,"Grado, Títulos propios",Yes,"Ciencias Sociales"
Yes,Yes,45-55,"más de 25 años",Yes,Yes,Hombre,"Antes la usaba, pero ahora muchísimo más","15/02/2021 20:34:09",No,No,No,Yes,University,No,"Prefiero que los estudiantes se autoorganicen y no estar en ningún grupo de mensajería",No,"Grado, Máster, Doctorado, Aula de Mayores/Extensión Universitaria",No,Humanidades
No,No,45-55,"5-15 años",No,No,Mujer,"Sí, he cambiado de plataforma de mensajería a otras más seguras.","15/02/2021 20:41:13",No,No,Yes,Yes,University,No,"Prefiero que los estudiantes se autoorganicen y no estar en ningún grupo de mensajería",Yes,"Grado, Máster, Títulos propios, Aula de Mayores/Extensión Universitaria",Yes,Biosanitaria
Yes,Yes,45-55,"15-25 años",Yes,No,Hombre,"No, antes la usaba y ahora la sigo usando.","15/02/2021 21:20:03",No,No,No,Yes,University,No,"Prefiero que los estudiantes se autoorganicen y no estar en ningún grupo de mensajería",Yes,"Grado, Máster, Doctorado",No,Ingeniería
No,Yes,25-35,"0-5 años",Yes,No,Hombre,"Sí, antes no usaba ningún tipo de plataforma de mensajería y ahora sí la uso.","16/02/2021 0:01:24",No,No,No,Yes,University,No,"Prefiero que los estudiantes se autoorganicen y no estar en ningún grupo de mensajería",No,Grado,No,"Ciencias Sociales"
Yes,No,35-45,"5-15 años",No,No,Hombre,"Sí, he cambiado de plataforma de mensajería a otras más seguras.","16/02/2021 0:47:16",No,No,No,Yes,University,No,"Un grupo con los estudiantes de mi asignatura",Yes,"Grado, Máster",Yes,"Ciencias Sociales"
No,No,45-55,"15-25 años",No,Yes,Mujer,"No, no la usaba antes ni ahora.","16/02/2021 7:57:47",No,No,No,Yes,University,No,"Un grupo con los estudiantes de mi asignatura",No,Grado,No,"Ciencias Sociales"
No,No,35-45,"0-5 años",Yes,No,Hombre,"No, antes la usaba y ahora la sigo usando.","16/02/2021 8:35:32",No,No,No,Yes,University,No,"Un grupo con los estudiantes de mi asignatura",No,Grado,No,Ciencias
No,No,"Más de 55","15-25 años",Yes,No,Hombre,"No, antes la usaba y ahora la sigo usando.","16/02/2021 9:16:25",No,No,No,Yes,University,No,"Un grupo para el curso completo (profesores y estudiantes)",No,"Grado, Máster, Doctorado, Títulos propios",Yes,Ingeniería
Yes,Yes,35-45,"0-5 años",Yes,No,Hombre,"No, antes la usaba y ahora la sigo usando.","16/02/2021 9:21:31",No,No,No,Yes,University,No,"Un grupo con los estudiantes de mi asignatura",No,"Grado, Máster",No,"Ciencias Sociales"
Yes,Yes,"Más de 55","más de 25 años",No,Yes,Hombre,"No, antes la usaba y ahora la sigo usando.","16/02/2021 9:21:58",No,Yes,No,Yes,University,No,"Un grupo para el curso completo (profesores y estudiantes)",No,"Grado, Máster",No,Ingeniería
Yes,No,25-35,"0-5 años",No,Yes,Mujer,"No, antes la usaba y ahora la sigo usando.","16/02/2021 9:25:48",No,No,No,Yes,University,No,"Un grupo con los estudiantes de mi asignatura",No,"Grado, Máster",Yes,"Ciencias Sociales"
No,No,45-55,"más de 25 años",No,No,Mujer,"SIGO USANDO PRADO IGUAL QUE ANTES","16/02/2021 9:27:54",No,No,Yes,Yes,University,No,"Un grupo con los estudiantes de mi asignatura",No,"Grado, Máster, Doctorado",No,Ingeniería
Yes,No,45-55,"15-25 años",Yes,Yes,Hombre,"Sí, antes no usaba ningún tipo de plataforma de mensajería y ahora sí la uso.","16/02/2021 9:28:07",No,No,No,Yes,University,No,"Un grupo para el curso completo (profesores y estudiantes)",No,Grado,No,Ingeniería
Yes,Yes,25-35,"0-5 años",Yes,Yes,Hombre,"No, antes la usaba y ahora la sigo usando.","16/02/2021 9:32:27",No,No,No,Yes,University,No,"Un grupo con los estudiantes de mi asignatura",Yes,Grado,No,Ingeniería
Yes,No,25-35,"0-5 años",No,No,Mujer,"Sí, antes no usaba ningún tipo de plataforma de mensajería y ahora sí la uso.","16/02/2021 10:05:33",No,No,No,Yes,University,No,"Un grupo con los estudiantes de mi asignatura",Yes,Grado,Yes,Biosanitaria
No,Yes,45-55,"15-25 años",No,No,Hombre,"No, antes la usaba y ahora la sigo usando.","16/02/2021 10:08:18",No,Yes,No,No,University,No,"Un grupo con los estudiantes de mi asignatura",No,"Grado, Máster, Doctorado",No,Biosanitaria
Yes,No,45-55,"15-25 años",No,Yes,Mujer,"Sí, antes no usaba ningún tipo de plataforma de mensajería y ahora sí la uso.","16/02/2021 10:08:56",No,No,No,No,University,No,"Un grupo con los estudiantes de mi asignatura",No,"Grado, Máster",Yes,Ciencias
Yes,No,35-45,"0-5 años",Yes,No,Mujer,"Sí, antes no usaba ningún tipo de plataforma de mensajería y ahora sí la uso.","16/02/2021 10:13:53",No,Yes,No,No,University,No,"Un grupo con los estudiantes de mi asignatura",No,"Grado, Máster",Yes,Biosanitaria
Yes,No,45-55,"0-5 años",Yes,No,Hombre,"Sí, antes no usaba ningún tipo de plataforma de mensajería y ahora sí la uso.","16/02/2021 10:15:00",No,No,No,No,University,No,"Un grupo con los estudiantes de mi asignatura",No,Grado,Yes,Ciencias
Yes,No,35-45,"5-15 años",No,No,Mujer,"No, no la usaba antes ni ahora.","16/02/2021 10:25:35",Yes,No,No,No,University,No,"Prefiero que los estudiantes se autoorganicen y no estar en ningún grupo de mensajería",No,"Grado, Máster, Doctorado",No,Biosanitaria
No,No,"Más de 55","más de 25 años",No,No,Hombre,"No, antes la usaba y ahora la sigo usando.","16/02/2021 10:43:03",No,Yes,Yes,No,University,No,"Un grupo para el curso completo (profesores y estudiantes)",No,Grado,No,Ciencias
Yes,No,25-35,"0-5 años",Yes,Yes,Mujer,"No, antes la usaba y ahora la sigo usando.","16/02/2021 10:58:30",No,No,No,Yes,University,No,"Un grupo con los estudiantes de mi asignatura",No,Grado,No,Ciencias
No,Yes,45-55,"15-25 años",No,No,Mujer,"Sí, antes no usaba ningún tipo de plataforma de mensajería y ahora sí la uso.","16/02/2021 12:19:05",No,Yes,No,No,University,No,"Un grupo con los estudiantes de mi asignatura",No,"Grado, Máster",No,Biosanitaria
No,Yes,45-55,"5-15 años",Yes,No,Hombre,"Sí, he cambiado de plataforma de mensajería a otras más seguras.","16/02/2021 12:40:12",No,No,Yes,No,University,No,"Un grupo con los estudiantes de mi asignatura",No,"Grado, Máster, Doctorado",Yes,Biosanitaria
No,No,45-55,"más de 25 años",No,No,Hombre,"Un aumento en la frecuencia de uso de la mensajería.","17/02/2021 8:12:35",No,Yes,Yes,Yes,University,No,"Prefiero que los estudiantes se autoorganicen y no estar en ningún grupo de mensajería",No,"Grado, Máster",Yes,Biosanitaria
No,No,35-45,"0-5 años",Yes,No,Mujer,"Sí, antes no usaba ningún tipo de plataforma de mensajería y ahora sí la uso.","17/02/2021 9:02:32",No,Yes,No,No,University,No,"Un grupo con los estudiantes de mi asignatura",No,"Grado, Máster",No,Biosanitaria
No,Yes,45-55,"15-25 años",Yes,No,Mujer,"No, antes la usaba y ahora la sigo usando.","17/02/2021 9:26:31",No,No,No,Yes,University,No,"Un grupo para el curso completo (profesores y estudiantes)",No,"Grado, Máster, Doctorado, Títulos propios",No,Biosanitaria
Yes,No,35-45,"5-15 años",Yes,No,Hombre,"No, antes la usaba y ahora la sigo usando.","17/02/2021 9:44:30",No,No,No,Yes,University,No,"Un grupo con los estudiantes de mi asignatura",No,"Grado, Máster",Yes,Ciencias
Yes,No,35-45,"0-5 años",No,Yes,"Prefiero no decirlo","No, antes la usaba y ahora la sigo usando.","17/02/2021 12:42:25",No,No,No,Yes,University,No,"Un grupo con los estudiantes de mi asignatura",Yes,Grado,Yes,"Ciencias Sociales"
Yes,No,25-35,"0-5 años",Yes,No,Hombre,"No, antes la usaba y ahora la sigo usando.","17/02/2021 12:43:45",No,No,No,Yes,University,No,"Prefiero que los estudiantes se autoorganicen y no estar en ningún grupo de mensajería",No,Grado,No,Ingeniería
No,Yes,"Más de 55","más de 25 años",Yes,Yes,Hombre,"Sí, he cambiado de plataforma de mensajería a otras más seguras.","17/02/2021 13:28:30",No,No,No,Yes,University,No,"Un grupo con los estudiantes de mi asignatura",No,"Grado, Máster, Doctorado",Yes,Biosanitaria
No,No,35-45,"5-15 años",No,No,Mujer,"No, no la usaba antes ni ahora.","17/02/2021 14:47:39",Yes,No,Yes,No,University,No,"Un grupo con los estudiantes de mi asignatura",No,"Grado, Máster, Doctorado",No,Biosanitaria
No,Yes,35-45,"5-15 años",No,No,Mujer,"Sí, antes no usaba ningún tipo de plataforma de mensajería y ahora sí la uso.","17/02/2021 16:26:42",No,No,No,No,University,No,"Prefiero que los estudiantes se autoorganicen y no estar en ningún grupo de mensajería",No,Grado,Yes,"Ciencias Sociales"
Yes,Yes,35-45,"15-25 años",Yes,No,Hombre,"Sí, he cambiado de plataforma de mensajería a otras más seguras.","17/02/2021 18:13:20",No,No,No,Yes,University,No,"Un grupo con los estudiantes de mi asignatura",No,"Grado, Máster",No,"Ciencias Sociales"
No,No,"Más de 55","más de 25 años",Yes,No,Mujer,"No, antes la usaba y ahora la sigo usando.","18/02/2021 11:23:16",No,No,No,Yes,University,No,"Un grupo con los estudiantes de mi asignatura",No,Grado,No,Biosanitaria
Yes,Yes,35-45,"5-15 años",Yes,Yes,Hombre,"Sí, he cambiado de plataforma de mensajería a otras más seguras.","20/02/2021 20:18:23",No,Yes,No,No,University,No,"Un grupo con los estudiantes de mi asignatura",Yes,Grado,Yes,"Ciencias Sociales"
No,Yes,35-45,"0-5 años",No,No,Hombre,"No, no la usaba antes ni ahora.","20/02/2021 22:15:11",Yes,No,No,No,University,No,"Un grupo con los estudiantes de mi asignatura",No,Grado,No,Ciencias
No,Yes,25-35,"0-5 años",No,No,Mujer,"Sí, antes no usaba ningún tipo de plataforma de mensajería y ahora sí la uso.","21/02/2021 11:40:07",No,No,No,Yes,University,No,"Un grupo con los estudiantes de mi asignatura",No,Grado,No,Ciencias
Yes,Yes,45-55,"más de 25 años",Yes,Yes,Hombre,"No, antes la usaba y ahora la sigo usando.","23/02/2021 20:40:20",No,No,No,No,University,No,"Un grupo con los estudiantes de mi asignatura",Yes,"Grado, Máster",Yes,Ingeniería
Yes,Yes,45-55,"más de 25 años",Yes,Yes,Hombre,"No, antes la usaba y ahora la sigo usando.","24/02/2021 9:38:38",No,No,No,Yes,University,No,"Un grupo con los estudiantes de mi asignatura, Un grupo para el curso completo (profesores y estudiantes)",No,"Grado, Máster",No,Ingeniería
Yes,No,"Más de 55","más de 25 años",No,Yes,Hombre,"No, antes la usaba y ahora la sigo usando.","24/02/2021 10:11:08",No,No,No,Yes,University,No,"Un grupo con los estudiantes de mi asignatura",No,Grado,No,Ingeniería
Yes,Yes,35-45,"15-25 años",Yes,No,Hombre,"La usaba y uso de vez en cuando para consultas/tutorías.","1/03/2021 22:46:29",No,No,Yes,Yes,University,No,"Prefiero que los estudiantes se autoorganicen y no estar en ningún grupo de mensajería",Yes,"Grado, Máster, Títulos propios",No,Ingeniería
No,Yes,45-55,"15-25 años",No,No,Hombre,"No, antes la usaba y ahora la sigo usando.","2/03/2021 9:37:44",No,Yes,No,No,University,No,"Un grupo para el curso completo (profesores y estudiantes)",No,"Grado, Máster, Doctorado",No,Ingeniería
No,No,35-45,"15-25 años",No,No,Hombre,"No, antes la usaba y ahora la sigo usando.","8/02/2021 19:58:45",No,No,Yes,Yes,Vocational,No,"Un grupo con los estudiantes de mi asignatura",No,"Grado superior",No,Tecnología
Yes,No,45-55,"15-25 años",Yes,No,Mujer,"Sí, he cambiado de plataforma de mensajería a otras más seguras.","8/02/2021 20:31:33",No,No,No,No,Vocational,No,"Un grupo con los estudiantes de mi asignatura, Prefiero que los estudiantes se autoorganicen y no estar en ningún grupo de mensajería",Yes,"Grado superior",Yes,Tecnología
No,No,45-55,"5-15 años",No,No,Mujer,"No, antes la usaba y ahora la sigo usando.","8/02/2021 20:59:39",No,Yes,Yes,No,Vocational,No,"Prefiero que los estudiantes se autoorganicen y no estar en ningún grupo de mensajería",No,"Grado medio, Grado superior",No,No
Yes,No,"Más de 55","más de 25 años",No,No,Mujer,"No, antes la usaba y ahora la sigo usando.","8/02/2021 21:04:12",No,No,No,No,Vocational,No,"Prefiero que los estudiantes se autoorganicen y no estar en ningún grupo de mensajería, Un grupo para el curso completo (profesores y estudiantes)",No,"Grado superior",Yes,"Ciencias Sociales"
Yes,No,35-45,"5-15 años",Yes,No,Hombre,"No, antes la usaba y ahora la sigo usando.","8/02/2021 21:08:52",No,No,No,Yes,Vocational,No,"Un grupo con los estudiantes de mi asignatura",No,"Grado superior",No,Tecnología
No,No,45-55,"15-25 años",No,Yes,Mujer,"No, antes la usaba y ahora la sigo usando.","8/02/2021 21:11:09",No,No,No,No,Vocational,No,"Prefiero que los estudiantes se autoorganicen y no estar en ningún grupo de mensajería",No,"Grado medio, Grado superior",Yes,Tecnología
No,No,35-45,"15-25 años",No,Yes,Hombre,"No, antes la usaba y ahora la sigo usando.","8/02/2021 21:11:27",No,No,No,Yes,Vocational,No,"Prefiero que los estudiantes se autoorganicen y no estar en ningún grupo de mensajería",No,"Grado medio, Grado superior",No,Tecnología
Yes,No,35-45,"15-25 años",Yes,Yes,Hombre,"Sí, he cambiado de plataforma de mensajería a otras más seguras.","8/02/2021 21:21:29",No,Yes,No,Yes,Vocational,No,"Un grupo con los estudiantes de mi asignatura",Yes,"Grado medio, Grado superior",Yes,Tecnología
No,No,No,No,No,No,No,No,"8/02/2021 21:21:40",No,No,No,No,Vocational,No,No,No,No,No,No
No,Yes,45-55,"15-25 años",No,No,Mujer,"No, antes la usaba y ahora la sigo usando.","8/02/2021 21:23:52",No,No,No,Yes,Vocational,No,"Prefiero que los estudiantes se autoorganicen y no estar en ningún grupo de mensajería",No,"Grado medio",No,Tecnología
No,No,45-55,"15-25 años",No,No,Hombre,"No, antes la usaba y ahora la sigo usando.","8/02/2021 21:24:12",No,No,Yes,No,Vocational,Yes,"Prefiero que los estudiantes se autoorganicen y no estar en ningún grupo de mensajería",No,"Grado medio, Grado superior",Yes,Tecnología
Yes,Yes,35-45,"15-25 años",Yes,No,Hombre,"No, antes la usaba y ahora la sigo usando.","8/02/2021 21:24:23",No,No,No,Yes,Vocational,No,"Un grupo con los estudiantes de mi asignatura, Un grupo para el curso completo (profesores y estudiantes)",No,"Grado superior",No,Tecnología
No,No,35-45,"15-25 años",No,No,Hombre,"Sí, he cambiado de plataforma de mensajería a otras más seguras.","8/02/2021 21:25:52",No,Yes,Yes,No,Vocational,No,"Un grupo con los estudiantes de mi asignatura",No,"Grado medio",Yes,Tecnología
No,No,35-45,"5-15 años",Yes,Yes,Mujer,"No, antes la usaba y ahora la sigo usando.","8/02/2021 21:26:37",No,Yes,No,No,Vocational,No,"Un grupo con los estudiantes de mi asignatura, Un grupo para toda la titulación o instituto (profesores y estudiantes)",No,"Grado medio",No,Tecnología
Yes,Yes,45-55,"5-15 años",Yes,Yes,Hombre,"No, antes la usaba y ahora la sigo usando.","8/02/2021 21:27:50",No,No,No,Yes,Vocational,No,"Prefiero que los estudiantes se autoorganicen y no estar en ningún grupo de mensajería",No,"Grado medio",Yes,Tecnología
Yes,Yes,45-55,"15-25 años",No,Yes,Hombre,"No, antes la usaba y ahora la sigo usando.","8/02/2021 21:31:32",No,No,No,Yes,Vocational,No,"Un grupo para el curso completo (profesores y estudiantes)",No,"Grado medio",No,Tecnología
Yes,Yes,"Más de 55","más de 25 años",Yes,Yes,Mujer,"No, antes la usaba y ahora la sigo usando.","8/02/2021 21:36:42",No,No,No,Yes,Vocational,No,"Un grupo con los estudiantes de mi asignatura",No,"Grado medio",Yes,"Ciencias Sociales"
No,No,45-55,"15-25 años",Yes,No,Hombre,"No, antes la usaba y ahora la sigo usando.","8/02/2021 21:38:21",No,No,No,Yes,Vocational,No,"Un grupo para toda la titulación o instituto (profesores y estudiantes)",Yes,"Grado medio",Yes,Tecnología
No,Yes,35-45,"5-15 años",Yes,No,Hombre,"No, antes la usaba y ahora la sigo usando.","8/02/2021 21:38:43",No,No,No,No,Vocational,Yes,"Un grupo con los estudiantes de mi asignatura, Un grupo para el curso completo (profesores y estudiantes)",No,"Grado superior, Curso de especialización",No,Tecnología
Yes,Yes,35-45,"5-15 años",Yes,No,Mujer,"Sí, antes no usaba ningún tipo de plataforma de mensajería y ahora sí la uso.","8/02/2021 21:39:15",No,No,No,Yes,Vocational,No,"Un grupo con los estudiantes de mi asignatura",No,"Grado superior",Yes,Tecnología
Yes,Yes,45-55,"5-15 años",No,Yes,Hombre,"No, antes la usaba y ahora la sigo usando.","8/02/2021 21:42:31",No,No,No,Yes,Vocational,No,"Un grupo con los estudiantes de mi asignatura, Un grupo para toda la titulación o instituto (profesores y estudiantes), Un grupo para el curso completo (profesores y estudiantes)",No,"Grado medio, Grado superior",No,Tecnología
No,Yes,45-55,"15-25 años",Yes,Yes,Hombre,"No, antes la usaba y ahora la sigo usando.","8/02/2021 21:44:34",No,No,No,Yes,Vocational,No,"Un grupo con los estudiantes de mi asignatura",No,"Grado superior",No,Tecnología
No,Yes,45-55,"15-25 años",No,No,Mujer,"No, antes la usaba y ahora la sigo usando.","8/02/2021 21:49:19",No,Yes,No,No,Vocational,No,"Prefiero que los estudiantes se autoorganicen y no estar en ningún grupo de mensajería",No,"Grado medio",No,Tecnología
No,Yes,35-45,"0-5 años",Yes,No,Mujer,"Sí, antes no usaba ningún tipo de plataforma de mensajería y ahora sí la uso.","8/02/2021 21:50:02",No,Yes,No,No,Vocational,No,"Un grupo con los estudiantes de mi asignatura",Yes,"Grado superior",Yes,Tecnología
Yes,No,45-55,"más de 25 años",Yes,No,Mujer,"No, antes la usaba y ahora la sigo usando.","8/02/2021 21:51:38",No,No,No,Yes,Vocational,No,"Prefiero que los estudiantes se autoorganicen y no estar en ningún grupo de mensajería",No,"Grado superior",No,Tecnología
No,Yes,35-45,"15-25 años",Yes,No,Hombre,"No, antes la usaba y ahora la sigo usando.","8/02/2021 21:51:52",No,No,No,No,Vocational,Yes,"Un grupo con los estudiantes de mi asignatura",No,"Grado superior",No,Tecnología
No,Yes,35-45,"0-5 años",No,No,Hombre,"No, antes la usaba y ahora la sigo usando.","8/02/2021 21:53:50",No,No,No,No,Vocational,No,"Prefiero que los estudiantes se autoorganicen y no estar en ningún grupo de mensajería",No,"Grado medio",Yes,Tecnología
Yes,No,45-55,"15-25 años",Yes,Yes,Mujer,"No, antes la usaba y ahora la sigo usando.","8/02/2021 21:53:50",No,No,No,Yes,Vocational,No,"Prefiero que los estudiantes se autoorganicen y no estar en ningún grupo de mensajería",Yes,"Grado medio, Grado superior",Yes,Tecnología
No,Yes,"Más de 55","más de 25 años",No,No,Hombre,"No, antes la usaba y ahora la sigo usando.","8/02/2021 22:03:16",No,Yes,No,No,Vocational,No,"Un grupo para el curso completo (profesores y estudiantes)",No,"Grado medio",Yes,Tecnología
No,Yes,45-55,"más de 25 años",Yes,No,Hombre,"No, antes la usaba y ahora la sigo usando.","8/02/2021 22:04:47",No,No,No,Yes,Vocational,No,"Prefiero que los estudiantes se autoorganicen y no estar en ningún grupo de mensajería",No,"Grado superior",No,Tecnología
No,Yes,45-55,"15-25 años",Yes,No,Mujer,"No, antes la usaba y ahora la sigo usando.","8/02/2021 22:05:10",No,No,No,Yes,Vocational,No,"Prefiero que los estudiantes se autoorganicen y no estar en ningún grupo de mensajería",No,"Grado superior",Yes,Tecnología
Yes,No,"Más de 55","15-25 años",No,No,Mujer,"Sí, he cambiado de plataforma de mensajería a otras más seguras.","8/02/2021 22:05:14",No,Yes,No,No,Vocational,No,"Prefiero que los estudiantes se autoorganicen y no estar en ningún grupo de mensajería",No,"Grado medio",Yes,No
Yes,Yes,45-55,"15-25 años",Yes,No,Hombre,"No, antes la usaba y ahora la sigo usando.","8/02/2021 22:22:57",No,No,No,Yes,Vocational,No,"Un grupo con los estudiantes de mi asignatura",No,"Grado medio",Yes,Tecnología
No,Yes,35-45,"0-5 años",No,Yes,Hombre,"Sí, he cambiado de plataforma de mensajería a otras más seguras.","8/02/2021 22:22:57",No,No,No,Yes,Vocational,No,"Un grupo con los estudiantes de mi asignatura, Un grupo para el curso completo (profesores y estudiantes)",Yes,"Grado medio, Grado superior",No,Ciencias
Yes,No,35-45,"0-5 años",Yes,No,Hombre,"No, antes la usaba y ahora la sigo usando.","8/02/2021 22:29:41",No,No,No,No,Vocational,No,"Prefiero que los estudiantes se autoorganicen y no estar en ningún grupo de mensajería",No,"Grado medio, Grado superior",Yes,Ciencias
Yes,Yes,35-45,"15-25 años",Yes,Yes,Mujer,"No, antes la usaba y ahora la sigo usando.","8/02/2021 22:51:40",No,Yes,No,No,Vocational,No,"Un grupo con los estudiantes de mi asignatura, Un grupo para toda la titulación o instituto (profesores y estudiantes)",No,"Grado superior",No,Tecnología
No,No,No,No,No,No,No,No,"8/02/2021 22:52:45",No,No,No,No,Vocational,No,No,No,No,No,No
Yes,Yes,45-55,"más de 25 años",Yes,No,Hombre,"No, antes la usaba y ahora la sigo usando.","8/02/2021 23:16:23",No,No,No,No,Vocational,No,"Un grupo para el curso completo (profesores y estudiantes)",Yes,"Grado medio, Grado superior",Yes,Tecnología
No,No,35-45,"5-15 años",Yes,No,Mujer,"No, antes la usaba y ahora la sigo usando.","8/02/2021 23:24:26",No,No,No,Yes,Vocational,No,"Prefiero que los estudiantes se autoorganicen y no estar en ningún grupo de mensajería",No,"Grado medio, Grado superior",No,Tecnología
Yes,No,45-55,"5-15 años",Yes,No,Hombre,"No, antes la usaba y ahora la sigo usando.","8/02/2021 23:37:20",No,No,No,Yes,Vocational,No,"Un grupo con los estudiantes de mi asignatura",No,"Grado medio, Grado superior",Yes,Tecnología
No,Yes,45-55,"0-5 años",No,No,Hombre,"Sí, antes no usaba ningún tipo de plataforma de mensajería y ahora sí la uso.","9/02/2021 0:15:14",Yes,No,No,No,Vocational,No,"Prefiero que los estudiantes se autoorganicen y no estar en ningún grupo de mensajería",No,"Grado medio",No,Tecnología
Yes,No,45-55,"0-5 años",Yes,No,Mujer,"Sí, he cambiado de plataforma de mensajería a otras más seguras.","9/02/2021 6:36:45",No,No,No,Yes,Vocational,Yes,"Un grupo con los estudiantes de mi asignatura",No,"Grado superior",Yes,Tecnología
No,Yes,45-55,"más de 25 años",No,No,Hombre,"Sí, antes no usaba ningún tipo de plataforma de mensajería y ahora sí la uso.","9/02/2021 6:42:11",Yes,No,No,No,Vocational,No,"Un grupo con los estudiantes de mi asignatura",No,"Grado medio, Grado superior",No,Tecnología
Yes,Yes,35-45,"0-5 años",Yes,Yes,Hombre,"Sí, he cambiado de plataforma de mensajería a otras más seguras.","9/02/2021 8:01:08",No,Yes,No,No,Vocational,No,"Prefiero que los estudiantes se autoorganicen y no estar en ningún grupo de mensajería",No,"Grado medio",No,Tecnología
Yes,No,45-55,"15-25 años",Yes,Yes,Hombre,"No, antes la usaba y ahora la sigo usando.","9/02/2021 8:01:36",No,No,No,No,Vocational,No,"Un grupo con los estudiantes de mi asignatura",No,"Grado superior",Yes,Tecnología
Yes,No,"Más de 55","más de 25 años",No,No,Mujer,"Sí, antes no usaba ningún tipo de plataforma de mensajería y ahora sí la uso.","9/02/2021 8:28:45",No,No,No,Yes,Vocational,No,"Un grupo con los estudiantes de mi asignatura",No,"Grado medio",No,"Ciencias Sociales"
No,Yes,45-55,"más de 25 años",No,No,Hombre,"Sí, he cambiado de plataforma de mensajería a otras más seguras.","9/02/2021 8:28:49",No,No,No,Yes,Vocational,No,"Prefiero que los estudiantes se autoorganicen y no estar en ningún grupo de mensajería",No,"Grado superior, CETIC",No,Tecnología
Yes,No,45-55,"más de 25 años",Yes,No,Hombre,"No, antes la usaba y ahora la sigo usando.","9/02/2021 8:49:14",No,No,No,Yes,Vocational,No,"Un grupo con los estudiantes de mi asignatura",No,"Grado medio, Grado superior",Yes,Tecnología
Yes,Yes,35-45,"15-25 años",No,No,Hombre,"No, antes la usaba y ahora la sigo usando.","9/02/2021 9:41:04",No,No,No,No,Vocational,Yes,"Un grupo con los estudiantes de mi asignatura, Un grupo para toda la titulación o instituto (profesores y estudiantes), Un grupo para el curso completo (profesores y estudiantes)",Yes,"Grado superior",No,Tecnología
No,No,45-55,"15-25 años",Yes,Yes,Mujer,"Sí, he cambiado de plataforma de mensajería a otras más seguras.","9/02/2021 9:44:12",No,No,No,Yes,Vocational,No,"Un grupo con los estudiantes de mi asignatura, Un grupo para el curso completo (profesores y estudiantes)",No,"Grado superior",Yes,Tecnología
Yes,Yes,35-45,"5-15 años",No,No,Mujer,"No, antes la usaba y ahora la sigo usando.","9/02/2021 9:44:51",No,Yes,No,No,Vocational,No,"Un grupo con los estudiantes de mi asignatura",No,"Grado medio, Grado superior",No,Tecnología
No,Yes,35-45,"0-5 años",No,No,Mujer,"Sí, antes no usaba ningún tipo de plataforma de mensajería y ahora sí la uso.","9/02/2021 9:48:27",No,No,No,No,Vocational,No,"Un grupo con los estudiantes de mi asignatura",No,"Grado superior",Yes,Tecnología
Yes,Yes,35-45,"15-25 años",Yes,No,Mujer,"No, antes la usaba y ahora la sigo usando.","9/02/2021 9:50:33",No,No,No,Yes,Vocational,No,"Un grupo con los estudiantes de mi asignatura",No,"Grado medio",No,Tecnología
Yes,No,45-55,"15-25 años",No,No,Hombre,"No, antes la usaba y ahora la sigo usando.","9/02/2021 9:50:57",No,No,No,No,Vocational,No,"Un grupo con los estudiantes de mi asignatura, Un grupo para el curso completo (profesores y estudiantes)",No,"Grado medio, Grado superior",Yes,Tecnología
Yes,No,35-45,"5-15 años",Yes,No,Mujer,"Sí, he cambiado de plataforma de mensajería a otras más seguras.","9/02/2021 9:52:54",No,No,No,No,Vocational,No,"Un grupo con los estudiantes de mi asignatura, Un grupo para el curso completo (profesores y estudiantes)",Yes,"Grado superior",Yes,Tecnología
Yes,No,25-35,"0-5 años",No,No,Hombre,"No, antes la usaba y ahora la sigo usando.","9/02/2021 9:58:16",No,Yes,No,No,Vocational,No,"Prefiero que los estudiantes se autoorganicen y no estar en ningún grupo de mensajería",No,"Grado superior, Bachillerato",No,Tecnología
Yes,No,45-55,"15-25 años",No,No,Hombre,"No, antes la usaba y ahora la sigo usando.","9/02/2021 10:06:09",Yes,No,No,No,Vocational,No,"Prefiero que los estudiantes se autoorganicen y no estar en ningún grupo de mensajería",No,"Grado superior",No,Tecnología
Yes,No,45-55,"15-25 años",No,No,Hombre,"No, antes la usaba y ahora la sigo usando.","9/02/2021 10:12:58",No,No,No,Yes,Vocational,No,"Un grupo con los estudiantes de mi asignatura",Yes,"Grado medio",Yes,Tecnología
Yes,No,35-45,"0-5 años",No,No,Hombre,"No, antes la usaba y ahora la sigo usando.","9/02/2021 10:13:54",No,No,No,Yes,Vocational,No,"Prefiero que los estudiantes se autoorganicen y no estar en ningún grupo de mensajería",No,"Grado superior",No,No
Yes,No,25-35,"0-5 años",Yes,Yes,Mujer,"Sí, he cambiado de plataforma de mensajería a otras más seguras.","9/02/2021 10:17:16",No,No,No,Yes,Vocational,No,"Un grupo con los estudiantes de mi asignatura",No,"Grado superior",Yes,Ciencias
No,Yes,45-55,"0-5 años",No,No,Mujer,"Sí, antes no usaba ningún tipo de plataforma de mensajería y ahora sí la uso.","9/02/2021 10:27:31",No,No,No,Yes,Vocational,No,"Prefiero que los estudiantes se autoorganicen y no estar en ningún grupo de mensajería",No,"Grado superior",No,Ciencias
Yes,Yes,45-55,"0-5 años",Yes,No,Hombre,"Sí, antes no usaba ningún tipo de plataforma de mensajería y ahora sí la uso.","9/02/2021 10:46:00",No,No,No,Yes,Vocational,No,"Prefiero que los estudiantes se autoorganicen y no estar en ningún grupo de mensajería",No,"Grado medio, Grado superior",Yes,"Ciencias Sociales"
No,Yes,45-55,"0-5 años",No,No,Hombre,"No, antes la usaba y ahora la sigo usando.","9/02/2021 11:09:38",No,Yes,No,No,Vocational,No,"Un grupo para el curso completo (profesores y estudiantes)",No,"Grado medio, Grado superior",No,"Ciencias Sociales"
Yes,Yes,"Más de 55","más de 25 años",Yes,Yes,Hombre,"Sí, antes no usaba ningún tipo de plataforma de mensajería y ahora sí la uso.","9/02/2021 11:13:38",No,No,No,Yes,Vocational,No,"Un grupo con los estudiantes de mi asignatura",No,"Grado medio, Grado superior",No,"Ciencias Sociales"
Yes,Yes,"Más de 55","más de 25 años",Yes,Yes,Mujer,"Sí, antes no usaba ningún tipo de plataforma de mensajería y ahora sí la uso.","9/02/2021 11:26:17",No,Yes,No,No,Vocational,No,"Un grupo con los estudiantes de mi asignatura",No,"Grado medio, Grado superior",No,"Ciencias Sociales"
Yes,Yes,45-55,"más de 25 años",Yes,Yes,Hombre,"No, no la usaba antes ni ahora.","9/02/2021 16:14:29",No,No,No,Yes,Vocational,No,"Prefiero que los estudiantes se autoorganicen y no estar en ningún grupo de mensajería",No,"Aula de Mayores/Extensión Universitaria",No,Tecnología
Yes,Yes,"Más de 55","más de 25 años",No,Yes,Hombre,"Sí, antes no usaba ningún tipo de plataforma de mensajería y ahora sí la uso.","9/02/2021 16:53:56",No,No,No,Yes,Vocational,No,"Un grupo para el curso completo (profesores y estudiantes)",No,"Grado medio",Yes,No
No,No,45-55,"0-5 años",Yes,No,Hombre,"No, no la usaba antes ni ahora.","9/02/2021 17:33:24",No,No,No,No,Vocational,No,"Un grupo con los estudiantes de mi asignatura",No,"Grado superior",Yes,No
Yes,No,45-55,"15-25 años",Yes,No,Hombre,"No, antes la usaba y ahora la sigo usando.","9/02/2021 17:33:43",No,No,No,Yes,Vocational,No,"Un grupo con los estudiantes de mi asignatura, Prefiero que los estudiantes se autoorganicen y no estar en ningún grupo de mensajería",Yes,"Grado superior",Yes,Tecnología
No,No,45-55,"15-25 años",Yes,No,Hombre,"Sí, antes no usaba ningún tipo de plataforma de mensajería y ahora sí la uso.","9/02/2021 18:10:20",No,No,No,Yes,Vocational,No,"Un grupo para el curso completo (profesores y estudiantes)",No,"Grado superior",No,Tecnología
No,Yes,"Más de 55","más de 25 años",No,Yes,Mujer,"Sí, he cambiado de plataforma de mensajería a otras más seguras.","9/02/2021 18:29:45",No,Yes,No,Yes,Vocational,No,"Un grupo con los estudiantes de mi asignatura",No,"Grado superior",Yes,Tecnología
Yes,Yes,35-45,"0-5 años",Yes,Yes,Hombre,"Sí, antes no usaba ningún tipo de plataforma de mensajería y ahora sí la uso.","9/02/2021 18:33:36",No,No,No,No,Vocational,No,"Prefiero que los estudiantes se autoorganicen y no estar en ningún grupo de mensajería",No,"Grado superior",Yes,Tecnología
Yes,No,35-45,"0-5 años",Yes,Yes,Hombre,"No, antes la usaba y ahora la sigo usando.","9/02/2021 18:41:08",No,No,No,Yes,Vocational,No,"Prefiero que los estudiantes se autoorganicen y no estar en ningún grupo de mensajería",No,"Grado superior",Yes,Tecnología
No,Yes,35-45,"0-5 años",No,No,Mujer,"No, antes la usaba y ahora la sigo usando.","9/02/2021 19:14:44",No,Yes,No,Yes,Vocational,No,"Prefiero que los estudiantes se autoorganicen y no estar en ningún grupo de mensajería",No,"Grado superior",No,Tecnología
Yes,Yes,45-55,"15-25 años",No,No,Hombre,"No, antes la usaba y ahora la sigo usando.","9/02/2021 19:14:48",No,No,No,Yes,Vocational,No,"Prefiero que los estudiantes se autoorganicen y no estar en ningún grupo de mensajería",No,"Grado superior",Yes,Tecnología
Yes,Yes,45-55,"15-25 años",No,No,Hombre,"No, antes la usaba y ahora la sigo usando.","9/02/2021 19:16:56",No,No,No,No,Vocational,No,"Un grupo con los estudiantes de mi asignatura",No,"Grado medio, Grado superior",Yes,Tecnología
No,Yes,35-45,"0-5 años",No,No,Hombre,"No, antes la usaba y ahora la sigo usando.","9/02/2021 19:23:10",No,Yes,No,No,Vocational,No,"Un grupo con los estudiantes de mi asignatura",No,"Grado medio, Grado superior",No,Tecnología
Yes,No,25-35,"0-5 años",No,Yes,Mujer,"No, antes la usaba y ahora la sigo usando.","9/02/2021 19:35:45",No,No,No,Yes,Vocational,No,"Prefiero que los estudiantes se autoorganicen y no estar en ningún grupo de mensajería",No,"Grado superior",No,Ciencias
No,Yes,45-55,"15-25 años",Yes,No,Mujer,"No, antes la usaba y ahora la sigo usando.","9/02/2021 19:46:26",No,No,No,Yes,Vocational,No,"Un grupo con los estudiantes de mi asignatura",No,"Grado medio, Grado superior",No,Tecnología
No,No,45-55,"5-15 años",Yes,No,Mujer,"Sí, he cambiado de plataforma de mensajería a otras más seguras.","9/02/2021 19:52:39",No,No,No,Yes,Vocational,No,"Un grupo con los estudiantes de mi asignatura",No,"Grado superior",Yes,Tecnología
No,Yes,35-45,"15-25 años",Yes,Yes,Mujer,"No, antes la usaba y ahora la sigo usando.","9/02/2021 20:24:11",No,No,No,Yes,Vocational,Yes,"Un grupo con los estudiantes de mi asignatura",Yes,"Grado medio, Bachillerato",No,Tecnología
Yes,No,45-55,"15-25 años",No,Yes,Hombre,"No, antes la usaba y ahora la sigo usando.","9/02/2021 20:31:14",No,No,No,Yes,Vocational,Yes,"Un grupo con los estudiantes de mi asignatura",No,"Grado medio, Grado superior",No,Tecnología
Yes,No,45-55,"15-25 años",No,Yes,Hombre,"No, antes la usaba y ahora la sigo usando.","9/02/2021 20:35:30",No,No,No,No,Vocational,Yes,"Un grupo con los estudiantes de mi asignatura, Un grupo para el curso completo (profesores y estudiantes)",No,"Grado superior",No,Tecnología
Yes,No,45-55,"5-15 años",No,No,Mujer,"No, antes la usaba y ahora la sigo usando.","9/02/2021 20:39:25",No,No,No,Yes,Vocational,No,"Un grupo con los estudiantes de mi asignatura",No,"Grado medio",No,Tecnología
Yes,Yes,45-55,"15-25 años",Yes,Yes,Mujer,"No, antes la usaba y ahora la sigo usando.","9/02/2021 20:56:40",No,Yes,No,No,Vocational,No,"Un grupo con los estudiantes de mi asignatura",No,"Grado medio, Grado superior",Yes,Tecnología
Yes,Yes,35-45,"5-15 años",Yes,Yes,Mujer,"No, antes la usaba y ahora la sigo usando.","9/02/2021 20:58:42",No,No,No,Yes,Vocational,No,"Prefiero que los estudiantes se autoorganicen y no estar en ningún grupo de mensajería",Yes,"Grado medio",Yes,Tecnología
Yes,No,45-55,"15-25 años",No,Yes,Mujer,"No, antes la usaba y ahora la sigo usando.","9/02/2021 21:07:52",No,No,No,Yes,Vocational,No,"Un grupo con los estudiantes de mi asignatura",No,"Grado medio, Grado superior",Yes,Tecnología
Yes,Yes,45-55,"5-15 años",Yes,No,Hombre,"No, antes la usaba y ahora la sigo usando.","9/02/2021 21:13:50",Yes,No,No,No,Vocational,Yes,"Un grupo con los estudiantes de mi asignatura",Yes,"Grado medio",No,Tecnología
No,No,45-55,"más de 25 años",No,No,Hombre,"No, antes la usaba y ahora la sigo usando.","9/02/2021 21:49:43",No,Yes,Yes,Yes,Vocational,No,"Prefiero que los estudiantes se autoorganicen y no estar en ningún grupo de mensajería",Yes,"Grado superior",Yes,Tecnología
No,Yes,45-55,"15-25 años",No,No,Hombre,"No, antes la usaba y ahora la sigo usando.","10/02/2021 6:57:31",No,No,No,No,Vocational,Yes,"Un grupo con los estudiantes de mi asignatura",Yes,"Grado superior",No,Tecnología
Yes,Yes,"Más de 55","más de 25 años",No,No,Mujer,"Antes usaba Moodle","13/02/2021 8:08:12",No,No,No,No,Vocational,No,"Un grupo con los estudiantes de mi asignatura",Yes,"Grado medio",Yes,Tecnología
